"UrbanRural","TotalIncomeLastYear","Race","TotalExpLastQ","log_TotalIncome","log_TotalExp","Rural"
1,98600,1,5972.1667,11.4988265405907,8.69486507186629,0
1,24360,1,5854.5,10.1006977218238,8.67496587528878,0
1,80200,1,5506.6666,11.2922787938546,8.61371474630032,0
1,150500,1,8968.8912,11.9217183631711,9.10151733537211,0
1,130000,1,10092.8333,11.7752897294377,9.21958087670496,0
1,32836,1,5520.2667,10.3992807534682,8.61618145332139,0
1,1660,1,2110,7.41457288135059,7.65444322647011,0
1,111808,1,18065.7368,11.6245383934937,9.80177242880039,0
1,6204,1,1048.3333,8.73294952429643,6.95495684866993,0
1,106000,1,12749.25,11.5711943730942,9.45322772532699,0
1,183000,4,7093.0166,12.1172414318236,8.86686600153489,0
1,5010,1,16376.4,8.51919119407891,9.70359655303207,0
1,21528,6,9068.7001,9.97710969240674,9.11258421420523,0
1,33143,1,2842.25,10.4085868119287,7.95235127100922,0
1,100800,1,16928.4998,11.5208936346194,9.73675385926943,0
1,105000,1,8186.8334,11.5617156291397,9.01028245983509,0
1,100001,1,23244.1001,11.5129354649202,10.0538066196734,0
1,62150,6,25096.85,11.0373060969389,10.1304976192364,0
1,20712,5,3422.8333,9.93846852143137,8.13822393737352,0
1,157200,1,9457.2,11.9652741589772,9.1545316351476,0
1,62000,1,10761.6667,11.0348896640272,9.28374571948987,0
1,100000,1,12754.75,11.5129254649702,9.45365903022702,0
1,25082,1,2103.8333,10.129905736384,7.65151634068071,0
1,45164,1,6681.9001,10.7180555883004,8.80715767219135,0
1,8400,1,2381.6,9.03598698483141,7.77552780970157,0
1,61000,1,10814.25,11.0186291431554,9.28861998785487,0
1,40000,1,4369,10.5966347330961,8.38228942895144,0
1,62712,2,6520.9332,11.0463080958686,8.7827727735131,0
1,45000,1,3668.2501,10.7144177687525,8.20747001534853,0
1,100000,1,13595.7999,11.5129254649702,9.51751619314371,0
1,29076,2,1764.9333,10.2776683706045,7.47586817828505,0
1,40000,4,13166.9999,10.5966347330961,9.4854689707616,0
1,94200,1,14568.4,11.4531754605645,9.58661007847146,0
1,8268,1,2479.4,9.02014792080166,7.81577187440405,0
1,126000,1,5929.4499,11.7440371859336,8.68768672209013,0
1,24000,1,8569.4001,10.0858091093301,9.05595300914171,0
1,68000,1,3476.9166,11.1272629841582,8.15390114552519,0
1,148808,1,19771.4,11.9104121633768,9.89199172802264,0
1,64132,1,7148.4001,11.0686987383087,8.87464384841179,0
1,24500,1,5080.05,10.1064283965328,8.53307638304378,0
1,44512,1,15129.6001,10.7035140947232,9.62440837550118,0
1,10000,1,2291.25,9.21034037197618,7.73685279915391,0
1,94200,1,9133.1667,11.4531754605645,9.11966775901607,0
1,37344,1,2200.9333,10.5279275350863,7.69663677666019,0
1,33186,1,17444.8,10.4098833792227,9.76679688895212,0
1,91100,1,4456.75,11.4197130832481,8.40217507983197,0
1,31810,1,39030.8101,10.3675359847432,10.5721066157881,0
1,65000,2,7611.2501,11.0821425488778,8.93738270806123,0
2,72010,2,7628.5,11.1845602772429,8.93964651255326,1
1,29616,1,5137.8,10.2960700348133,8.5443802512602,0
1,52000,1,10688.9,10.8589989975636,9.27696109881808,0
1,136250,1,4027,11.8222467125255,8.30077696085145,0
1,33034,1,5717.4,10.405292613081,8.6512694355822,0
2,47016,1,10872.7579,10.7582432482925,9.29401566458596,1
1,70612,1,13540.1501,11.1649553807092,9.5134146320769,0
1,11232,1,5542.9501,9.32652212626559,8.62028214703398,0
1,25000,2,3557.2501,10.1266311038503,8.1767430815374,0
1,461103,1,11688.6666,13.0413767243545,9.36637498465843,0
1,130112,2,12127.3333,11.776150896988,9.40321713440544,0
2,14376,1,5928.6667,9.5733154284634,8.68755462691388,1
1,30000,1,9012,10.3089526606443,9.10631230155214,0
1,90000,4,25520.25,11.4075649493124,10.147227533649,0
1,89000,1,15389.2002,11.3963916487143,9.64142125667158,0
1,92000,1,17023.4001,11.4295438560312,9.74234415303364,0
1,413302,1,16133.85,12.931933839588,9.68867482831722,0
1,60000,1,10262.7499,11.0020998412042,9.23627610425592,0
1,57879,1,52902.2602,10.9661099034711,10.8762013428316,0
1,66000,1,12702.25,11.0974100210086,9.44953442210909,0
1,39562,2,8806.5001,10.585624340576,9.0832453755276,0
1,147706,1,8755.6669,11.9029790905786,9.07745641543397,0
1,153000,1,10243.5001,11.9381932003746,9.23439864683154,0
1,27000,4,5389.5001,10.2035921449865,8.59220791377628,0
1,43000,1,5862.2001,10.6689553946757,8.67628025579572,0
1,60408,2,4431.8001,11.0088768254833,8.3965611236193,0
1,24100,2,7191.9501,10.0899671194787,8.88071763786265,0
1,17208,1,3293.9333,9.75312967094757,8.09983766159511,0
1,74875,1,14337.2499,11.2235753354178,9.57061631751914,0
2,28475,1,3811.9333,10.2567817883154,8.24589176724431,1
1,36223,1,4323.6,10.4974495551747,8.37184366754205,0
1,57000,1,3807.55,10.9508065468167,8.24474121665946,0
1,60250,1,6818.0333,11.0062578513529,8.82732633681617,0
1,16716,1,6065,9.72412162356781,8.71028982137815,0
1,10530,1,753.6667,9.26198360512802,6.62495022783808,0
1,25000,1,27843.8334,10.1266311038503,10.2343667989349,0
1,43000,1,5160.8334,10.6689553946757,8.54885335706192,0
1,17000,2,17660.0999,9.74096862303835,9.77906313099359,0
1,3216,1,2664.2667,8.07589363029886,7.88768413926196,0
1,26520,4,8350.3333,10.1856544442998,9.03005673321594,0
1,3216,1,2485.6,8.07589363029886,7.81826935807884,0
1,200000,1,24089.6667,12.2060726455302,10.0895382598968,0
1,134000,1,22739.5335,11.805595078933,10.0318602525822,0
1,3216,1,4957.8667,8.07589363029886,8.50873082639264,0
1,84108,1,15862.0333,11.3398569662883,9.67168368999801,0
1,38816,1,9864.05,10.5665878117438,9.19665211376888,0
1,28000,1,6897.2501,10.2399597891573,8.8388780749168,0
1,61568,1,13771.8,11.0278975340254,9.53037830213397,0
2,28560,1,6662.3999,10.2597624164535,8.80423504397099,1
1,75000,1,5167.4456,11.2252433925184,8.55013376416621,0
1,85000,1,13177.7501,11.3504065354725,9.48628508787007,0
1,86000,1,13153.4999,11.3621025752356,9.48444315428498,0
1,35000,1,9120.2502,10.4631033404715,9.11825251690259,0
1,4296,1,5706.9333,8.3654396361887,8.64943708306697,0
1,82700,1,18950.0001,11.3229748810118,9.84955921578762,0
1,60000,1,8483.3333,11.0020998412042,9.04585872938129,0
1,58000,1,5349.75,10.9681982895286,8.58480510982626,0
1,67368,1,14276.9334,11.1179254067098,9.56640046493278,0
1,25500,4,2218.9166,10.1464337311465,7.70477433772876,0
1,75000,4,11484.5001,11.2252433925184,9.3487535878372,0
1,102773,1,7832.4167,11.5402779515913,8.96602638759584,0
1,70000,1,10455.4244,11.1562505210315,9.25487620405655,0
1,2100,1,1904.4167,7.64969262371151,7.55193104644806,0
1,3310,1,5087.9333,8.10470346837111,8.5346269956573,0
1,12000,2,2084.9,9.39266192877014,7.64247617145201,0
2,7000,1,3734.5999,8.85366542803745,8.22539597000835,1
1,59016,1,6768.85,10.9855638725641,8.82008648441672,0
1,130000,2,17450.7499,11.7752897294377,9.76713790091924,0
1,22404,2,3463.2001,10.0169947933297,8.1499483250028,0
1,3216,1,3997.8,8.07589363029886,8.29349948879655,0
1,11835,6,1612.25,9.37881652194808,7.38538599789049,0
1,111664,1,10254.3333,11.6232496412569,9.23545565620392,0
1,100000,1,2318.0667,11.5129254649702,7.74848879829158,0
1,34000,1,2609.2666,10.4341158035983,7.86682446466134,0
1,22000,1,8890.25,9.99879773234045,9.09271044959736,0
1,70540,1,17381.95,11.16393520379,9.76318759045432,0
1,50000,1,19081.25,10.8197782844103,9.85646145648319,0
1,21766,1,4680.4,9.98810439825601,8.4511388553448,0
1,95080,1,27511,11.4624739214741,10.222341203676,0
1,328386,1,38534.2499,12.7019450247138,10.5593027326016,0
1,14364,1,1860.4667,9.57248035534597,7.52858264921209,0
1,21788,1,3879.0333,9.98911463850357,8.26334125208989,0
2,40000,1,5947.6667,10.5966347330961,8.69075427036776,1
1,68000,1,2721.1833,11.1272629841582,7.90882210145369,0
1,75000,1,6699.3334,11.2252433925184,8.80976330789203,0
1,151808,2,6511.2456,11.9303718434773,8.78128605330567,0
1,58700,1,8383.6,10.9801950058162,9.034032695499,0
1,89000,2,18787.3333,11.3963916487143,9.84093816110104,0
1,34400,1,5322.1334,10.4458118433615,8.57962951698824,0
1,25000,1,5786.9001,10.1266311038503,8.66335203859435,0
1,157510,1,32249.7,11.9672442272958,10.3812640198551,0
1,117209,1,6423.5,11.6717139449856,8.76771841947166,0
1,35316,1,3198.4667,10.4720913980215,8.07042681770578,0
1,35000,1,6298.8834,10.4631033404715,8.74812765857586,0
1,120000,1,14881.6667,11.6952470217642,9.6078853115231,0
2,85500,1,29477.2734,11.3562716549249,10.2913748522022,1
1,41892,1,2091.0834,10.642850156893,7.64543758385562,0
1,21600,1,6332.9998,9.98044859367226,8.75352930493582,0
1,34000,1,1324.75,10.4341158035983,7.18897904137287,0
1,86640,1,12279.6667,11.3695168816749,9.41570005963898,0
1,59000,2,3674.6667,10.9852927228879,8.20921771365645,0
1,16400,1,4901.6333,9.70503661381229,8.49732375508838,0
1,10068,1,1246.6667,9.21711735625521,7.12822862847844,0
2,55000,1,1874,10.9150884642146,7.53583046279837,1
1,116000,1,4797.1667,11.6613454700885,8.47578075178424,0
1,22000,1,1380.75,9.99879773234045,7.2303821087813,0
1,101060,4,56852.5001,11.5234696788459,10.9482154753445,0
1,29000,1,2951.5834,10.2750511089686,7.99009705110009,0
1,90050,1,6905.5,11.4081203506041,8.84007347451798,0
1,45000,1,12010.7501,10.7144177687525,9.39355736941014,0
1,24000,1,2010,10.0858091093301,7.60589000105312,0
1,2000,1,1891.9501,7.60090245954208,7.54536337505683,0
1,52000,1,2592.6667,10.8589989975636,7.86044223890436,0
1,69000,1,5080.85,11.1418617835794,8.53323384941027,0
1,25000,1,4811.1667,10.1266311038503,8.47869489086013,0
1,22050,1,3603.2667,10.001067880875,8.18959612965725,0
1,54600,1,21499.35,10.907789161733,9.9757779811006,0
1,55000,1,13978.5498,10.9150884642146,9.54527927650149,0
1,15408,1,3180.9,9.64264213403791,8.06491945459986,0
1,83300,1,5936.4167,11.3302038281549,8.68886098117046,0
1,23650,1,1623.1333,10.0711183939201,7.39211369599654,0
1,30000,1,19995.5,10.3089526606443,9.90326252721983,0
1,17000,4,4026.55,9.74096862303835,8.30066520889102,0
1,35092,1,6059.9667,10.4657284632483,8.70945958399876,0
1,33476,1,5450.1667,10.4185840431528,8.60340147434547,0
1,20196,1,2323.1333,9.91323984397881,7.75067211381888,0
1,3216,1,3334.9333,8.07589363029886,8.11220795814972,0
1,29016,1,12587.4,10.2756026809627,9.44045159260599,0
1,34731,1,4498.8333,10.4553879388738,8.41157337547633,0
1,29376,1,9350.3,10.2879332934202,9.1431637073295,0
1,60000,1,7039,11.0020998412042,8.85922139360813,0
1,13780,1,4285.5,9.53097354456765,8.36299251033894,0
1,18960,1,2828,9.85008677580901,7.94732502701646,0
1,9588,1,7225,9.16826759555427,8.88530251298063,0
1,11820,1,1198.3333,9.37754829096009,7.08868695367063,0
1,140000,1,14404.9999,11.8493977015914,9.5753306405766,0
1,40000,1,7448.4,10.5966347330961,8.91575452320761,0
1,36914,1,2465.3334,10.5163461618672,7.81008233088055,0
1,11504,1,3732.2499,9.35045007996083,8.22476652114021,0
1,95000,1,5694,11.4616321705827,8.64716826783798,0
1,132000,1,14453.3333,11.7905572015685,9.57868034513914,0
1,17208,1,1263.8,9.75312967094757,7.14187833433935,0
1,32926,1,3770.2,10.402017898208,8.23488332943281,0
1,106421,2,8027,11.5751582048361,8.99056613813158,0
1,65000,1,9499.2501,11.0821425488778,9.15896813763085,0
1,78000,3,10726.9999,11.2644641056717,9.28051919727516,0
1,65010,1,10343.4,11.0822963831985,9.24410391412899,0
1,151978,1,6127.8999,11.9314910525109,8.72060737643062,0
1,36550,1,2772.5,10.5064364651779,7.92750471922452,0
1,494245,1,28160.5579,13.1107866246438,10.2456776218655,0
1,86000,1,11718.6666,11.3621025752356,9.3689382853275,0
1,42760,1,7432,10.663358365139,8.91355028049368,0
1,100000,1,5368,11.5129254649702,8.58821067865152,0
1,98000,4,29739.9998,11.4927227576527,10.3002482132892,0
1,195000,1,42631.0866,12.1807548375459,10.6603389985266,0
1,29152,2,2149.8,10.2802788000597,7.67313009353896,0
1,10048,1,6866.4,9.21512888870798,8.83439523040401,0
1,59000,1,49045.1667,10.9852927228879,10.800496921912,0
1,75000,2,7691.4,11.2252433925184,8.94785810054614,0
1,97000,1,5903.8334,11.4824662574855,8.68335714772499,0
1,37236,1,12017.8,10.5250313142364,9.39414416305129,0
1,208600,1,23055.8001,12.2481738215488,10.0456726480074,0
1,105116,1,2912.2667,11.5628197812441,7.97668699166125,0
1,108048,1,5259.2499,11.5903308518146,8.56774369100002,0
1,43000,1,2421.8334,10.6689553946757,7.79228013562,0
1,124000,1,7394.4999,11.7280368445872,8.90849174608326,0
1,19597,1,9904.6667,9.88313177227905,9.20076130889461,0
1,1400,1,978.7,7.24422751560335,6.88622516043177,0
1,17367,1,1484.4667,9.76232713274711,7.302810862157,0
1,35664,1,10031.5001,10.4818970556256,9.21348543108885,0
1,16728,1,1802.3,9.72483924110847,7.49681890599876,0
1,56120,1,12293.8001,10.9352475342164,9.41685035737055,0
1,733,1,1764,6.59714570188665,7.47533923656674,0
1,2903,1,9282.2,7.97349996402463,9.13585386664936,0
1,58000,1,6146.7667,10.9681982895286,8.72368148271352,0
1,110250,4,24110.7501,11.6105057933091,10.0904130822632,0
1,1600,1,1018.5001,7.37775890822787,6.92608633385046,0
1,60000,2,9282.6666,11.0020998412042,9.13590413364132,0
1,15000,1,4131.0001,9.61580548008435,8.32627481160398,0
1,102200,1,19887.7499,11.5346869567517,9.89785923824906,0
1,22284,2,5527.8,10.0116242111407,8.61754518534294,0
2,49830,1,9011.5,10.8163724912754,9.10625681843286,1
1,612826,1,50502.1245,13.3258363247069,10.8297706836855,0
1,64423,1,9576.4,11.0732259911893,9.16705701745982,0
1,74000,1,11470.7501,11.2118203721863,9.34755560467216,0
1,35000,2,2583.75,10.4631033404715,7.85699711099598,0
1,23028,2,1841.4167,10.0444661457957,7.51829049999911,0
1,33612,1,7127.8,10.4226384250481,8.87175791039561,0
1,42252,1,2010.9333,10.6514069689431,7.60635422164428,0
1,118500,1,6521.5834,11.6826682395573,8.78287247819748,0
1,106720,1,4788.85,11.5779638611495,8.474045578073,0
1,110000,1,17104.2501,11.6082356447746,9.74708225546849,0
1,80000,1,6720.6667,11.289781913656,8.8129426399056,0
1,59000,1,2454.05,10.9852927228879,7.80549499996142,0
1,48808,1,3054.3,10.7956495128317,8.02430571278126,0
1,58018,1,6821.1333,10.9685085862091,8.82778091005283,0
1,109400,1,26502.4001,11.60276616897,10.1849905776844,0
1,60780,1,12534.7499,11.0150160664708,9.43626005825932,0
1,56000,1,3068.55,10.9331069697173,8.02896041630288,0
1,11958,1,4713.9,9.38915578944085,8.4582708698642,0
1,2479,1,4787.4,7.81561053203519,8.47374274554229,0
1,49062,4,9198.4333,10.80084008339,9.12678845505729,0
1,47200,1,20036.05,10.7621491715736,9.90528842998248,0
1,108800,1,12826.6001,11.597266613404,9.45927642638913,0
1,28200,2,8431.5499,10.2470772569262,9.03973588937536,0
1,134000,1,15422.4999,11.805595078933,9.64358275459976,0
1,158875,1,29583.05,11.9758730084918,10.2949568411589,0
1,143476,1,14068.75,11.8739230528076,9.55171130465504,0
2,30000,1,7725.8333,10.3089526606443,8.9523249664985,1
1,73200,5,13006.8001,11.2009506999494,9.47322758429799,0
1,18936,1,1359.9333,9.84882015119382,7.21519093340975,0
1,34000,1,9145.9001,10.4341158035983,9.12106098135056,0
1,25680,1,2789.5667,10.1534677578039,7.9336415580949,0
1,17001,1,8369.4999,9.74102744483773,9.03234941259453,0
1,44025,1,5234.6667,10.6925129333644,8.56305845365599,0
1,107928,1,11280.9333,11.5892196171187,9.33086926099104,0
1,36771,1,4345.6667,10.5124647700093,8.37693446666515,0
1,34000,1,6396.6499,10.4341158035983,8.76352967917335,0
1,51396,1,9966.3999,10.8473156274034,9.20697470446617,0
1,43000,1,5726.8956,10.6689553946757,8.6529288827882,0
1,3936,1,4171.1001,8.27792025817214,8.33593509294997,0
1,233020,1,5749.3334,12.3588795657739,8.65683919663616,0
1,67000,1,8068.8334,11.1124478983731,8.99576419071504,0
1,100000,1,15837.5,11.5129254649702,9.67013582462939,0
1,93027,1,20975.8367,11.4406450525806,9.95112642088546,0
1,5616,1,10111.8,8.63337494570565,9.22145833771003,0
1,33000,1,10965.2501,10.4042628404486,9.3024864695294,0
1,11848,1,15151.2501,9.37991435594764,9.62583832238484,0
1,122000,1,15944.5,11.7117763237154,9.67686922116008,0
1,12600,1,9986.5333,9.44145209293957,9.20899279440124,0
1,18000,1,5249.0333,9.7981270368783,8.56579920529771,0
1,132000,1,8883.6667,11.7905572015685,9.09196966742626,0
2,12408,1,1577.3333,9.42609670485638,7.36349091529745,1
1,47000,1,8081.5,10.7579028806922,8.99733277784986,0
1,125000,1,4730.0833,11.7360690162844,8.46169809232456,0
1,97800,1,15603.4001,11.4906798560229,9.65524412461706,0
1,84373,1,4182.9667,11.3430027241902,8.33877601061682,0
1,79000,1,13915.9499,11.2772031314492,9.54079093609289,0
1,435944,1,9908.9789,12.985269073715,9.2011965846793,0
1,14500,1,2706.2502,9.58190392840867,7.9033192656538,0
1,84000,1,7596.3333,11.3385720778255,8.93542094932658,0
1,14016,1,862.6667,9.54795481317617,6.76002840559256,0
1,7740,1,17907.9333,8.95415696658377,9.79299909476156,0
1,349386,4,47182.2501,12.7639326071901,10.761773043643,0
1,134808,1,10378.4667,11.8116068228804,9.24748842904568,0
1,1600,2,429.5833,7.37775890822787,6.06281566906849,0
1,171700,1,5858.6667,12.0535040468856,8.67567733108591,0
1,43000,5,7301.4333,10.6689553946757,8.89582595032958,0
1,62000,1,4487.6667,11.0348896640272,8.40908817973889,0
1,45000,2,7187.7501,10.7144177687525,8.88013348102196,0
1,66000,1,8511.5333,11.0974100210086,9.04917738160085,0
1,38532,6,1564.25,10.5592443438775,7.35516175487847,0
1,86676,1,21804.65,11.3699323078388,9.98987852878368,0
1,112000,2,3898.5,11.6262541502772,8.26834714274965,0
1,41100,1,4696.3333,10.6237634004843,8.45453733428743,0
1,125988,1,3243.1333,11.7439419433029,8.0842952093787,0
1,131288,2,5905.05,11.7851486623595,8.68356319599612,0
1,23209,1,5264.4667,10.0522954134631,8.56873512788978,0
1,40000,6,8389.5,10.5966347330961,9.03473620292975,0
1,8600,1,1349.75,9.0595174822416,7.2076746690984,0
1,650,1,3965.2667,6.47697236288968,8.28532839536297,0
1,118000,1,19055.1,11.6784399034478,9.8550900612606,0
1,170000,1,17825.4999,12.0435537160324,9.78838528977003,0
1,9972,2,2287.3333,9.20753644464345,7.73514192017727,0
1,150000,1,35074.7245,11.9183905730784,10.4652360503425,0
1,23400,1,2185.3333,10.0604913013458,7.68952363594241,0
1,10496,1,1639.7667,9.25874951118387,7.40230925460132,0
1,39000,2,6088.3334,10.5713169251118,8.71412966151118,0
2,30516,1,13531.5333,10.3260064152101,9.51277804068628,1
1,99276,1,10229.4,11.5056591289782,9.23302120619924,0
2,18000,1,2717.6833,9.7981270368783,7.90753506842253,1
1,12164,2,4740.4,9.40623604879726,8.46387679931429,0
1,18400,1,4526.6667,9.82010594359708,8.41774111980835,0
1,37000,1,4835.6667,10.5186731916264,8.48377428876402,0
1,24140,1,3573.6667,10.0916254946515,8.18134743451562,0
1,143000,1,4214.3334,11.870599909242,8.34624670846282,0
1,33666,1,1478.9166,10.424243704979,7.29906507166852,0
1,115000,1,8096.6667,11.6526874073454,8.99920773744503,0
1,84008,1,30196.9333,11.3386673113858,10.3154956518492,0
1,60500,1,7477.6667,11.0103986440189,8.91967608380291,0
1,114857,1,9698.9333,11.6514431553239,9.17977118937227,0
1,15297,1,4766.6,9.63541200972327,8.4693885414681,0
1,138385,1,4814.6667,11.8377949347891,8.47942210065253,0
1,208000,1,10512.4168,12.2452933586835,9.26031238986225,0
1,144000,1,15492,11.8775685785581,9.64807904063464,0
1,3216,1,5376.5999,8.07589363029886,8.58981146451911,0
1,7085,1,3460.9167,8.86573515212478,8.14928877515732,0
1,13182,2,2734.6999,9.48660754161267,7.9137769830588,0
1,44000,1,6807.6667,10.6919449129004,8.82580471194549,0
2,3456,1,1655.9667,8.14786712992395,7.41214022604737,1
1,3917,2,3453.8,8.27308133366583,8.14723035315057,0
1,95000,4,10019.5,11.4616321705827,9.2122884731942,0
1,58728,1,8567.2334,10.9806718937906,9.05570013566904,0
1,132433,1,16065.6667,11.7938321361417,9.68443977084447,0
1,39800,1,12104.2501,10.5916221912725,9.4013119178456,0
1,120000,1,30449.6733,11.6952470217642,10.3238305440164,0
1,16312,1,2646.9333,9.69965631225429,7.88115700357188,0
1,30000,1,11374.5,10.3089526606443,9.3391292868091,0
1,199000,1,57454.3368,12.2010601037066,10.9587457686785,0
2,118500,1,4842.5167,11.6826682395573,8.48518984390711,1
1,27000,1,3855.7666,10.2035921449865,8.25732512485284,0
1,82000,1,5157.2999,11.3144745262464,8.54816844632557,0
1,21036,2,2811.5166,9.95399053470923,7.94147933203636,0
1,20000,4,1525,9.90348755253613,7.32974968904151,0
1,80000,1,4673.8333,11.289781913656,8.44973484907981,0
1,98608,1,16177.7499,11.498907673202,9.69139211419273,0
1,5121,1,1567.5834,8.54110501146255,7.35729047683333,0
1,2000,1,3719.4,7.60090245954208,8.22131764393593,0
1,110708,1,4258.2667,11.6146513834749,8.35661747853186,0
1,107512,1,16085.75,11.5853577482269,9.68568906587862,0
1,16800,1,5730.1499,9.72913416539135,8.65349696992507,0
1,45000,1,2138.5834,10.7144177687525,7.66789892620508,0
1,90108,1,41496.5101,11.4087642298879,10.6333646087068,0
1,198750,1,29751.2501,12.1998030325166,10.300626430259,0
2,99000,1,3459.8667,11.5028751291167,8.14898534129806,1
1,14729,1,2840.6,9.59757361848954,7.95177057644703,0
1,40102,2,3713.1834,10.5991814873626,8.21964484697824,0
1,9050,1,11758.2502,9.11052003669397,9.37231041786491,0
1,24000,2,1926.8333,10.0858091093301,7.56363315714773,0
1,16000,1,3667.2333,9.68034400122192,8.20719278753652,0
1,1608,1,9932.3,7.38274644973891,9.20354735156858,0
1,30000,1,5344.25,10.3089526606443,8.58377649555939,0
1,378786,1,19569.8334,12.8447266807937,9.88174454732374,0
1,129786,1,15272.2502,11.7736422191916,9.63379274819438,0
1,28000,1,8509.1666,10.2399597891573,9.04889928492689,0
1,56800,2,3918.5,10.9472916047092,8.27346420649292,0
1,127780,1,14991.3333,11.7580653141563,9.61522753310516,0
1,53200,2,3032.1667,10.8818136753297,8.01703272546199,0
1,17668,1,5527.4333,9.77951037271642,8.61747884572076,0
1,9600,5,2099.5001,9.16951837745593,7.64945454775463,0
1,18754,1,1832.15,9.83916234197957,7.51324541961154,0
1,230000,1,27951.2499,12.3458345879053,10.2382171967247,0
1,50000,4,8215.5,10.8197782844103,9.01377789289189,0
1,264386,1,4552.1167,12.4851654354821,8.42334761256014,0
1,41666,1,6505.0999,10.6374407274883,8.78034174824605,0
1,264386,2,7522.2245,12.4851654354821,8.9256171843706,0
1,50002,1,4293.4167,10.8198182836103,8.36483812850358,0
2,35000,1,2223.5,10.4631033404715,7.70683780995075,1
1,2150,1,22034.2,7.67322312112171,10.00035107074,0
1,75000,1,6393.6667,11.2252433925184,8.76306320126707,0
1,73500,1,13326.5833,11.2050406852009,9.4975160637389,0
1,94200,1,4613.8333,11.4531754605645,8.43681430890894,0
1,29651,1,12565.5333,10.29725113067,9.43871289237187,0
1,45000,1,3290.5834,10.7144177687525,8.09882015326712,0
1,114024,1,13658.9999,11.6441642315349,9.52215391668171,0
1,2453,1,6088,7.80506704425849,8.71407489954152,0
1,79608,1,5433.4,11.284869869295,8.60032036799012,0
1,38038,1,7026.9,10.5463409390416,8.85750092026697,0
1,75000,4,16569.5666,11.2252433925184,9.71532295437546,0
1,17163,1,2573.3333,9.75051118293664,7.85295734139734,0
1,16008,2,2122.3333,9.68084387626357,7.66027137564293,0
1,44000,1,6450.7167,10.6919449129004,8.77194651989593,0
1,75000,1,4925.45,11.2252433925184,8.50217091999053,0
1,143645,2,27322.7501,11.8751002569795,10.2154749711369,0
1,76000,1,2103.2499,11.2384886192685,7.65123899888546,0
2,19608,1,1004.6333,9.88369292520795,6.91237787828798,1
1,75000,2,8576.3334,11.2252433925184,9.05676175848777,0
1,17359,2,3977.9333,9.76186638286855,8.28851769205364,0
1,75000,1,4320.5001,11.2252433925184,8.37112643842692,0
1,83200,2,3725.5,11.3290026268093,8.22295634999378,0
1,30171,1,13809.8,10.3146364771126,9.53313376403924,0
1,142000,1,4278.25,11.8635823365834,8.36129932645756,0
2,24000,1,3439.5834,10.0858091093301,8.14310563838252,1
1,26844,1,7262.9001,10.1977976112781,8.89053449086473,0
1,151608,1,20440.7001,11.9290535212466,9.92528329519878,0
1,115000,1,13704.2501,11.6526874073454,9.52546128998337,0
1,2000,1,110.3334,7.60090245954208,4.70350669093838,0
1,48606,1,23441.4334,10.7915022590585,10.0622603936984,0
2,14142,1,11740.1821,9.55690437216419,9.37077260433505,1
2,60828,1,3421.8667,11.0158054882603,8.13794149986525,1
1,154000,1,15678.8667,11.9447078813958,9.66006901450659,0
1,48000,4,5950.6667,10.77895628989,8.69125854268266,0
1,21480,1,6637.3666,9.9748775486228,8.80047056741979,0
1,100000,1,9669.4666,11.5129254649702,9.1767284266364,0
1,145000,1,6055.6955,11.8844890214027,8.70875451313982,0
1,15900,1,4976.2501,9.67407438820832,8.51243189440998,0
1,1608,6,3730.25,7.38274644973891,8.22423053452053,0
1,63000,1,8004,11.0508900053737,8.98769669570362,0
1,19091,1,4856.4,9.85697229879466,8.48805270166982,0
1,24000,6,6065.8001,10.0858091093301,8.71042173353474,0
1,161740,1,6022.6667,11.9937453866498,8.70328541364103,0
1,633840,1,5566.0456,13.3595518356391,8.62444013465019,0
1,25680,1,6332.8667,10.1534677578039,8.75350828781867,0
1,20736,1,6639.7499,9.939626599152,8.80082957609846,0
1,21865,1,6563.6667,9.99264246384702,8.78930467395552,0
1,34151,1,2025.4167,10.4385471471471,7.61353073614907,0
2,74864,1,7698.0334,11.223428413106,8.94872017262358,1
1,97761,1,15726.25,11.4902810034857,9.66308656966534,0
1,1608,1,4346.4,7.38274644973891,8.37710319523731,0
1,26292,1,7172.9,10.1770199893835,8.87806531486098,0
1,3699,2,1049,8.21581779183245,6.9555926083963,0
1,21108,1,1884.4667,9.95740739452556,7.54140014208144,0
1,3216,1,10373.2667,8.07589363029886,9.24698726608174,0
1,88150,1,6688.3333,11.386795187826,8.80811998904911,0
1,48000,1,14603.7501,10.77895628989,9.58903363087891,0
1,70682,1,18106.75,11.1659462225811,9.80404007591028,0
1,53000,1,6533.8334,10.8780471925343,8.78474909443773,0
2,36492,1,7995.5333,10.5048483374654,8.98663832723355,1
1,24000,1,5290.1,10.0858091093301,8.57359242826536,0
1,56400,1,12319.7499,10.9402244374862,9.41895893655678,0
1,23564,1,16159.8,10.0674754026416,9.69028195576088,0
1,13304,1,2899.3334,9.49582002087276,7.97223612748327,0
1,11049,1,5811.6,9.31009520511317,8.66761119919718,0
1,9405,1,708,9.14899674173513,6.56244409369372,0
1,43800,1,7816.8333,10.6873890963645,8.96403480267633,0
1,80000,4,6653.4167,11.289781913656,8.80288579117897,0
1,100000,1,15223,11.5129254649702,9.63056272105925,0
1,9150,2,2184.5,9.12150915826957,7.68914224839149,0
1,152000,1,6450.0833,11.9316357998284,8.77184832443511,0
1,98299,1,9447.4333,11.4957691331435,9.15349837512992,0
1,45000,1,8687.7501,10.7144177687525,9.06966927794788,0
1,12000,2,2619.0001,9.39266192877014,7.87054788269022,0
1,74000,1,10169.2,11.2118203721863,9.227118823215,0
1,21988,4,2551.75,9.99825212898055,7.84453467728361,0
1,16671,2,911.4667,9.72142596194803,6.81505506026431,0
1,326811,1,24365.8368,12.6971373011322,10.1009372990343,0
1,140000,1,19693.6665,11.8493977015914,9.88805236557276,0
1,41520,2,4843,10.6339305178398,8.48528964240323,0
1,60000,4,11443.5,11.0020998412042,9.34517716219839,0
1,15000,1,2057.3334,9.61580548008435,7.62916595721935,0
1,75000,1,22263.5001,11.2252433925184,10.0107038496658,0
1,450,6,11577,6.10924758276437,9.35677565020573,0
1,7700,2,4703.8334,8.94897560784178,8.45613307228461,0
1,104000,1,11564.6667,11.5521461781235,9.35570975453559,0
1,2888,1,3434,7.96831950001272,8.14148104145742,0
1,80000,2,2161.0667,11.289781913656,7.67835722137068,0
2,1093,1,823.1333,6.99668148817654,6.71311815596987,1
1,23804,1,1690.2167,10.0776089127647,7.43261202454909,0
1,46556,1,8826.0332,10.7484111680619,9.08546095143583,0
1,65000,4,10377.2501,11.0821425488778,9.24737119869289,0
1,17220,1,12212.8,9.75382677798172,9.41023986104421,0
1,125000,2,11875.9333,11.7360690162844,9.38226921949873,0
1,44594,1,7918.5333,10.7053545998103,8.97696127826486,0
1,431664,1,43487.7789,12.9754027868224,10.6802352327768,0
2,91000,1,11758.3998,11.418614785499,9.37232314076549,1
1,31408,1,1814.7834,10.3548179165162,7.50372140073453,0
1,12000,2,3900.4334,9.39266192877014,8.26884295414859,0
1,90000,1,5260.5834,11.4075649493124,8.56799721212894,0
1,11306,2,6381.5001,9.33308883723524,8.76115847409304,0
1,114000,1,31336.7001,11.6439537273766,10.3525452168117,0
1,40791,1,6482.6,10.6162167478238,8.77687694344116,0
2,42672,1,2954.6001,10.6612982464218,7.99111859073304,1
1,35000,1,7633.0001,10.4631033404715,8.94023624489948,0
1,101241,1,10650.1667,11.525259092129,9.27333082359723,0
1,41192,1,7875.1999,10.625999341726,8.97147384749865,0
1,14256,2,4389,9.56493314971059,8.38685668968823,0
1,160200,1,16675.5579,11.9841783136164,9.72169932749551,0
1,35000,2,6791.45,10.4631033404715,8.82341974709159,0
1,23928,1,1810.8,10.0828046003098,7.5015240155618,0
1,296843,1,15168.5579,12.6009586584877,9.62698000520024,0
1,19608,2,588.4667,9.88369292520795,6.37752034056241,0
1,70000,1,10410.25,11.1562505210315,9.25054617669049,0
2,35348,1,7833.7501,10.4729970926379,8.96619661430416,1
1,32856,1,3375.5333,10.3998896556364,8.12430860563842,0
2,10536,3,1655,9.26255324342312,7.41155628781116,1
1,2350,1,1253.7667,7.7621706071382,7.13390765922731,0
1,75010,1,4544.6667,11.2253767169637,8.42170967058922,0
2,129080,1,13794.1667,11.7681876461659,9.53200107888269,1
1,16824,1,1968.85,9.73056171738254,7.58520489493478,0
1,16656,1,3882,9.72052579085475,8.26410576372896,0
1,8676,1,948.3333,9.06831587194677,6.85470602274294,0
1,38000,1,24901.5,10.5453414387085,10.1226833216022,0
1,18580,1,1976.4,9.82984101236783,7.5890322869716,0
1,75000,1,10254.7001,11.2252433925184,9.23549142580777,0
1,190000,2,4998.9167,12.1547793511426,8.51697650794207,0
1,17000,2,7353.9,9.74096862303835,8.90298606372688,0
1,22600,1,8613.9333,10.0257051852604,9.06113632237535,0
1,2500,1,1856.8335,7.82404601085629,7.52662789658981,0
1,194140,1,12798.9501,12.1763348272662,9.4571184231061,0
1,83000,1,7611.5001,11.3265958867787,8.93741555363732,0
1,79000,1,3046.2333,11.2772031314492,8.0216611227742,0
1,19200,1,6467.6,9.86266555801587,8.77456037586566,0
1,50000,1,4419.8333,10.8197782844103,8.39385725942839,0
1,70000,1,9788.2499,11.1562505210315,9.18893795549942,0
1,15247,1,4108.4667,9.63213804137191,8.32080517219053,0
1,11676,1,2251.4,9.365290731974,7.7193075239207,0
1,19608,2,2525.4,9.88369292520795,7.83415474500458,0
1,48568,1,4249.1833,10.7907201568103,8.35448207874658,0
1,8880,1,612,9.09155683598622,6.41673228251233,0
1,38532,1,10987.8667,10.5592443438775,9.30454691572549,0
1,79000,1,8790.6667,11.2772031314492,9.08144583535698,0
1,228000,2,6511.4167,12.3371009079366,8.78131233057464,0
1,40000,1,4695.4666,10.5966347330961,8.45435276902589,0
1,34000,1,3365.5,10.4341158035983,8.12133181945077,0
1,92000,4,21641.1667,11.4295438560312,9.98235264555517,0
1,85000,4,9755.8667,11.3504065354725,9.18562409585583,0
1,81000,1,25744.0833,11.3022044336546,10.1559601049323,0
1,73600,1,8490.3333,11.206400304717,9.04668353648535,0
1,47348,1,47139.4,10.7652798590738,10.760864448365,0
1,159000,1,12878.3334,11.9766594812024,9.46330159687623,0
1,15000,1,3325,9.61580548008435,8.10922495308995,0
1,79508,4,7752.6333,11.2836129245105,8.95578784528018,0
1,200000,1,8287.0001,12.2060726455302,9.02244331291613,0
1,1500,1,2061.5,7.3132203870903,7.63118915214695,0
1,72500,1,11044.2501,11.1913418408428,9.30966521857415,0
1,82500,1,11473.0001,11.3205535723228,9.34775173651526,0
1,22584,1,6139.4,10.0249969699333,8.72248229649658,0
1,37653,1,18402.8,10.5361679113286,9.82025810593285,0
1,35400,1,1915.8333,10.4744670991219,7.55790795057036,0
1,9500,3,1910.1667,9.15904707758863,7.55494579471913,0
1,152916,1,15487.2001,11.9376440300003,9.64776916174668,0
1,130000,1,15983.75,11.7752897294377,9.67932786012538,0
1,13904,1,2129.4001,9.53993184750517,7.66359557584209,0
1,53000,1,3219.5001,10.8780471925343,8.07698137803896,0
2,1608,1,6877.4,7.38274644973891,8.83599595252581,1
1,85000,1,6985.1667,11.3504065354725,8.8515441368322,0
1,12456,2,8250.15,9.42995771351383,9.01798666098162,0
1,119453,1,7860,11.6906782675495,8.96954188542325,0
1,49200,2,6860.4999,10.8036489024804,8.83353558978503,0
1,39704,1,7171.4667,10.5892072172673,8.87786547334344,0
1,43000,1,9055.2001,10.6689553946757,9.11109446836159,0
1,60000,2,2171.5,11.0020998412042,7.68317345197488,0
1,15353,1,2929,9.6390661736589,7.98241634682773,0
1,41808,1,3751.05,10.6408429877604,8.22979107977177,0
1,205000,1,29883.7499,12.2307652581205,10.3050701300338,0
1,24000,2,1249.3333,10.0858091093301,7.13036532800931,0
1,35000,1,8965.5001,10.4631033404715,9.10113916808629,0
1,53600,1,5337.1001,10.8893043470589,8.58243773201341,0
1,65500,1,2826.25,11.0898054216233,7.94670602359218,0
1,13180,1,3261.9,9.4864558080565,8.09006512667181,0
1,82440,3,11435.1667,11.3198260350044,9.34444868440047,0
1,200000,1,10886.8334,12.2060726455302,9.29530939310955,0
1,50456,1,4540.2667,10.8288569483435,8.4207410338034,0
1,64924,1,26138.1,11.080972634025,10.1711492989971,0
1,182000,1,14327.6666,12.1117619660589,9.56994767434642,0
1,107764,1,12063.2,11.5876989299202,9.39791477505159,0
1,17631,1,2329.1333,9.77741399528076,7.75325150311124,0
1,17508,1,16547.8,9.77041319831079,9.71400844145557,0
1,80000,1,13426,11.289781913656,9.5049484044987,0
1,15935,6,4762,9.67627322685144,8.46842302704681,0
1,39716,1,9742.8,10.5895094081535,9.1842838296564,0
1,75000,1,16113.3998,11.2252433925184,9.68740649052914,0
1,95400,1,15418.3335,11.4658338574364,9.64331256734695,0
1,13500,1,2406.5,9.51044496442652,7.78592868874316,0
1,13380,1,654.1667,9.50151633368222,6.48336221194387,0
1,109000,1,9529.1667,11.5991031612113,9.16211255316096,0
1,45500,1,7721.85,10.725467604939,8.95180925161609,0
1,22344,1,9744.8,10.014313107625,9.18448908838575,0
1,65350,2,3989.4167,11.0875127190524,8.29140030872085,0
1,40364,1,3907.3,10.6056935775844,8.27060187736446,0
1,354386,1,14811.2245,12.7781419935468,9.60314058446519,0
1,20000,1,4610.6667,9.90348755253613,8.43612774592463,0
1,11500,1,4607.3334,9.35010231435134,8.43540453045292,0
1,3432,1,7784.6,8.14089846060785,8.95990270208743,0
1,22076,1,13839.0001,10.0022463245594,9.53524597945189,0
1,60000,1,6557.6667,11.0020998412042,8.78839013269126,0
1,175000,4,19711.7,12.0725412529057,9.88896764706159,0
1,15000,2,1806.6667,9.61580548008435,7.49923882421577,0
1,152200,1,6964.05,11.9329507244097,8.84851648064404,0
1,38000,1,9671.75,10.5453414387085,9.17696454415246,0
1,36030,1,3446.1333,10.4921072037421,8.14500809887019,0
1,8380,6,1036.4667,9.03360319347613,6.94357280400808,0
1,160000,1,32153,11.982929094216,10.3782610379096,0
1,13028,1,574.6333,9.47485616639612,6.35373209822482,0
1,133448,1,7557.7667,11.8014671678339,8.93033101547852,0
1,40000,1,8250.6667,10.5966347330961,9.01804928818482,0
1,264926,1,9418.7368,12.4872058206891,9.15045626091397,0
2,33000,1,2456.4333,10.4042628404486,7.80646569878739,1
1,119795,6,12664.0001,11.6935372275655,9.44651860945725,0
1,40000,1,7720.55,10.5966347330961,8.95164088400444,0
1,117200,1,14296.2244,11.671637156125,9.56775075341445,0
1,37280,1,6963.9666,10.5262122687995,8.84850450478238,0
1,12000,2,4699.5,9.39266192877014,8.45521139906036,0
1,150000,1,11809.7999,11.9183905730784,9.37668496577945,0
1,25000,1,1586.75,10.1266311038503,7.36944317818658,0
1,6000,1,2007.25,8.69951474821019,7.60452090506479,0
1,32088,1,2571.4667,10.3762374074499,7.85223171549084,0
1,97512,1,28411.0502,11.4877307263357,10.2545334400221,0
1,96324,1,10497.4999,11.4754727879196,9.25889240303227,0
1,7176,1,2304.95,8.87849740373863,7.74281426322151,0
1,96060,1,10465.8501,11.4727282752188,9.25587286426127,0
1,165500,1,12292.1665,12.0167264737993,9.41671746855402,0
1,165000,1,4443.9167,12.0137007528827,8.39929140620941,0
1,150000,1,12635.5579,11.9183905730784,9.44427017397214,0
1,50000,1,13574.4999,10.8197782844103,9.51594830434453,0
1,306460,1,25327.0001,12.6328425201322,10.1396263032935,0
1,43200,1,7613.95,10.6735957742322,8.93773737007034,0
1,11485,1,4842.2499,9.3487971151232,8.48513474707079,0
1,75000,1,4522.3666,11.2252433925184,8.41679071987476,0
1,3465,2,1581.2499,8.150467911624,7.36597088923472,0
1,6188,1,2659,8.73036721169296,7.88570539124302,0
1,24852,1,11552.8,10.1206935111836,9.35468311081235,0
1,20000,1,5510.5,9.90348755253613,8.6144106421316,0
1,300000,2,31632.0577,12.6115377536383,10.3619263695109,0
1,137800,1,13236.5,11.8335586375617,9.49073344409109,0
1,14882,2,11241.1999,9.60790770795721,9.32734087041906,0
2,19892,1,4497.6,9.89807291983463,8.41129920015227,1
1,24000,1,6385.1789,10.0858091093301,8.76173478686817,0
1,451886,1,11018.7789,13.0211852146141,9.30735626894478,0
1,28000,1,34512,10.2399597891573,10.4490623686289,0
1,250416,4,20400.8001,12.4308788139303,9.92332939965144,0
1,2000,1,4633.75,7.60090245954208,8.44112175446494,0
1,13411,1,11185.95,9.50383054471094,9.32241380549849,0
1,77000,1,22108.7501,11.2515607008358,10.0037287412721,0
1,55000,1,2522.8333,10.9150884642146,7.83313787432185,0
1,40000,1,5778.8667,10.5966347330961,8.66196286977731,0
2,66000,6,4051.8,11.0974100210086,8.30691650580885,1
1,13608,2,2516.9333,9.5184131340757,7.83079649498284,0
1,20048,1,5852.5001,9.90588467713585,8.67462421645178,0
1,270201,1,10255.1955,12.5069214054636,9.23553973419605,0
1,134000,1,10994.2666,11.805595078933,9.30512919771727,0
1,60000,1,5367.1667,11.0020998412042,8.58805543187707,0
1,42869,1,11271.8,10.6659042329845,9.33005931034091,0
1,20800,1,5244.7499,9.94270826568941,8.5649828361854,0
1,14808,1,4472.4667,9.60292285425333,8.40569536985488,0
1,99670,1,57672.0333,11.5096200079615,10.9625276434875,0
1,18000,1,28036.4232,9.7981270368783,10.2412597723843,0
1,4000,2,2278.3333,8.29404964010203,7.73119944585936,0
1,45017,1,4913.55,10.7147954751902,8.49975197379629,0
1,75000,4,16322.5001,11.2252433925184,9.7002998091873,0
1,40000,1,6010,10.5966347330961,8.70118002752925,0
1,27600,2,2845.6667,10.2255710517052,7.95355266005591,0
1,38864,1,1689.0667,10.567823651242,7.43193140685103,0
1,43002,1,10800.65,10.669001905222,9.28736159648644,0
1,29760,1,3072.0833,10.300920488947,8.03011120978535,0
1,18540,1,4688.8667,9.82768583911985,8.4529461904492,0
1,39216,4,16847.2,10.5768401057679,9.73193974986557,0
1,98140,1,10483.6001,11.4941503096439,9.25756741987757,0
1,28840,1,8855.2667,10.2695185913989,9.08876766834045,0
1,62000,1,2757.5833,11.0348896640272,7.9221099591936,0
1,324386,1,18619.8913,12.6896894436953,9.83198571300521,0
1,13704,1,9239.4,9.52544304000396,9.13123222746242,0
1,130000,4,9256.8333,11.7752897294377,9.13311729291111,0
1,60454,1,10832.7501,11.0096380242425,9.29032924127738,0
1,21012,1,2670.4667,9.95284898207385,7.89000853012709,0
1,50000,1,14812.5,10.8197782844103,9.60322669787749,0
2,20808,1,1361,9.94309280712849,7.21597500265147,1
1,21000,1,6347.1667,9.95227771670556,8.75576380333844,0
1,2509,1,3277,7.82763954636642,8.09468364869882,0
1,1204,1,10112.5,7.09340462586877,9.22152756136675,0
1,49552,1,2040.05,10.810777902213,7.62072959634182,0
1,55150,1,8357.3499,10.9178120246816,9.03089665821673,0
1,40696,1,9839.3,10.6138850865026,9.19413984930447,0
1,31396,1,7175.2499,10.3544357752467,8.87839286928959,0
1,49001,1,10221.9001,10.7995959850478,9.23228776624192,0
1,49556,1,4537.6333,10.8108586222356,8.42016085555207,0
1,110000,1,11295.25,11.6082356447746,9.33213756234463,0
1,15400,1,2552,9.64212278840172,7.84463264446468,0
1,54169,1,8718.2667,10.8998640680791,9.07317572420929,0
1,42072,1,1532.25,10.6471377152692,7.33449252236584,0
1,22044,1,8276,10.0007957350031,9.02111503886543,0
1,31164,4,14223,10.3470188614507,9.56261565157023,0
1,9072,1,2125,9.11294802596753,7.66152708135852,0
1,480593,1,60507.0868,13.0827760370515,11.010515774349,0
1,100000,1,15194.1001,11.5129254649702,9.62866248016836,0
1,60000,1,3722,11.0020998412042,8.2220164372022,0
1,300025,1,22602.0733,12.6116210834996,10.0257969199907,0
1,6768,2,8127.9001,8.81996090128606,9.00305787889627,0
1,75000,1,9702.6667,11.2252433925184,9.18015604423435,0
1,92608,1,2120.0667,11.4361308099912,7.65920282943528,0
1,151716,1,5010.5833,11.9297656310999,8.51930761444751,0
1,12000,1,2250,9.39266192877014,7.71868549519847,0
1,55000,1,8689.7999,10.9150884642146,9.06990519152712,0
1,30000,1,8280.4001,10.3089526606443,9.02164656746791,0
1,68968,1,7746.6001,11.1413979078898,8.95500932931762,0
1,137120,2,28376.2501,11.8286117338316,10.2533078102009,0
1,160000,1,13072.4333,11.982929094216,9.47826096373525,0
1,45000,1,8619.2333,10.7144177687525,9.06175141538641,0
1,62000,1,14734.8333,11.0348896640272,9.59796958190794,0
1,79785,4,20105.3333,11.2870907958445,9.90874039715964,0
1,33996,1,2661.6,10.4339981496185,7.88668272470427,0
1,11676,1,678.4667,9.365290731974,6.51983539922011,0
1,32008,1,1040.4667,10.3737411505371,6.94742464147725,0
1,127704,2,13004.6167,11.7574703649443,9.4730597041689,0
1,176024,1,9368.0577,12.07837562836,9.14506106452417,0
1,15216,1,2570,9.63010278478517,7.85166117788927,0
1,49000,1,3529.4167,10.7995755770928,8.16888789548038,0
1,14184,1,3102,9.55986984775404,8.03980234373648,0
2,400,1,2232.4999,5.99146454710798,7.71087726795782,1
1,100000,1,22032.1999,11.5129254649702,10.0002602940936,0
1,39516,1,3020.2666,10.5844609321644,8.01310038461832,0
2,127000,1,7667.7501,11.7519423654407,8.94477851365012,1
1,173200,1,12519,12.0622022751105,9.43500276925966,0
1,44000,2,3822.3,10.6919449129004,8.24860761465544,0
1,150000,1,25743.5499,11.9183905730784,10.1559393853938,0
1,12372,1,3296.6667,9.42319113380496,8.10066714605987,0
1,29816,1,8467.8,10.3028004411591,9.04402601364802,0
1,44628,1,6397.8,10.7061167437131,8.76370946025219,0
1,32400,1,5403.5,10.3859137017804,8.59480217074322,0
1,120000,1,4039,11.6952470217642,8.30375241556341,0
1,10068,2,3244.5,9.21711735625521,8.08471653406122,0
1,214300,1,7343.5833,12.2751321814617,8.90158219049446,0
1,42751,1,5270.2167,10.6631478659042,8.56982676023461,0
1,4000,2,3780.3333,8.29404964010203,8.23756745932966,0
1,63576,2,9624.0166,11.05999131962,9.17201698250756,0
1,281417,1,16219.5,12.5475928340623,9.6939695010537,0
1,17000,1,3793.4001,9.74096862303835,8.2410180199118,0
1,100000,1,5253.6667,11.5129254649702,8.56668153085221,0
1,21380,1,5519.4,9.97021118457904,8.61602443771117,0
1,102300,1,2812.1667,11.5356649519397,7.94171053282354,0
1,102889,1,12561.1999,11.5414060162051,9.43836796889865,0
1,30996,1,17383.8,10.3416134428838,9.76329401703805,0
1,39480,1,2324.8,10.5835494935474,7.75138929281602,0
1,21872,2,7804.9333,9.99296255896373,8.96251128710905,0
1,4453,1,2147.1333,8.4013333053217,7.671888882584,0
1,150000,1,17702.2245,11.9183905730784,9.78144558863121,0
1,27600,2,8535.2501,10.2255710517052,9.05195993766975,0
1,182360,1,19110.2667,12.1137380343274,9.85798099318089,0
1,152601,1,14338.3333,11.935581950891,9.57069188006257,0
1,9214,1,1591.55,9.12847934549586,7.37246366313094,0
1,11492,1,2181.1333,9.34940642009918,7.68759988308682,0
1,16344,1,9691.4,9.70161613649746,9.17899417329292,0
1,45586,1,5212.2,10.7273559308191,8.55875731049393,0
1,102000,1,4785.8334,11.5327280922664,8.47341545800034,0
1,30000,1,3961.5,10.3089526606443,8.2843780204053,0
1,7089,3,4317.0001,8.86629956585502,8.37031601871971,0
1,100000,1,18729.2499,11.5129254649702,9.83784174658494,0
1,71200,1,14778.0001,11.1732480974001,9.60089487411541,0
1,55000,1,13719.3499,10.9150884642146,9.52656251677532,0
1,133000,1,15341.7501,11.7981044072039,9.63833315576711,0
1,32016,1,10866.55,10.3739910568235,9.29344454243274,0
1,26000,1,5883.7501,10.1658518170036,8.67994960971131,0
1,26140,1,6483.4,10.1712219871782,8.77700034310197,0
1,169561,1,46803.8001,12.0409680230665,10.7537196773272,0
1,49706,1,2208.4333,10.8138809291442,7.70003862908628,0
1,29892,1,6982,10.3053461650502,8.85109068766498,0
1,110000,1,8103.75,11.6082356447746,9.00008219648921,0
1,23000,4,4772.0001,10.0432494949113,8.47052080417338,0
1,110005,1,11685.4999,11.608281098287,9.36610402740147,0
2,40000,1,3014.6667,10.5966347330961,8.0112445557868,1
1,35520,1,7755.6501,10.4778511971061,8.95617690188435,0
1,1608,1,4659.4667,7.38274644973891,8.44665627851061,0
1,13596,1,3954.9333,9.51753091081601,8.28271901533135,0
1,100000,1,4809.1334,11.5129254649702,8.47827218054774,0
1,9003,1,2913.8499,9.10531313410848,7.97723047547651,0
1,225000,1,50785.8247,12.3238556811866,10.8353725532887,0
2,26508,1,6558.8,10.1852018532081,8.78856293837571,1
1,264386,1,30357.3368,12.4851654354821,10.3207935069768,0
1,27917,2,4891.4,10.2369911012464,8.49523384006181,0
1,3500,1,6455.9999,8.1605182474775,8.77276519446032,0
1,110000,1,4138.5834,11.6082356447746,8.32810883435147,0
1,15000,1,2923.0001,9.61580548008435,7.98036579932267,0
1,40000,1,6745.1501,10.5966347330961,8.81657902191538,0
1,206664,1,14836.1499,12.2388495650441,9.60482204236,0
1,19604,1,5585.6667,9.88348890602944,8.62795907770027,0
1,61042,1,9408.4999,11.0193174308213,9.14936880435601,0
1,60000,1,2891.8333,11.0020998412042,7.9696459398469,0
1,80000,1,7037.4999,11.289781913656,8.85900825823835,0
1,68408,1,41789.3579,11.1332450558358,10.6403969904041,0
1,58097,1,4276.1833,10.969869306395,8.36081613839174,0
1,45180,1,6281.5001,10.718409790022,8.74536410036424,0
1,24696,1,2673.8,10.114396566182,7.89125596054902,0
1,9256,2,3715.4667,9.13302726887351,8.22025957510278,0
1,31526,1,2767.6333,10.3585678811865,7.92574782963783,0
1,37642,1,2612.1333,10.5358757272505,7.86792252278481,0
1,102500,1,26214.0001,11.5376180775606,10.1740489019942,0
2,79010,1,14217.6333,11.2773297057168,9.5622382549063,1
1,34000,1,8431.3499,10.4341158035983,9.03971216866274,0
1,37248,1,2658.9333,10.5253535310911,7.88568030631012,0
1,150000,1,17852.9867,11.9183905730784,9.78992609533985,0
1,20000,2,6384.5,9.90348755253613,8.76162845686474,0
1,79000,1,14794.5501,11.2772031314492,9.60201415545002,0
2,47816,1,3115.0834,10.7751155905041,8.04401120453891,1
1,12000,1,3890,9.39266192877014,8.26616443661249,0
1,12324,1,1782.3333,9.41930385971656,7.48567862757855,0
1,90000,1,16928.8333,11.4075649493124,9.73677355958067,0
1,35200,1,5742.0499,10.4688013615862,8.65557155099504,0
1,21643,1,2114.1333,9.98243735551453,7.6564002202606,0
1,129000,1,17814.2501,11.7675676833438,9.78775398341274,0
1,20300,1,3920.9999,9.91837616502988,8.27410197678863,0
1,100000,1,7659.3333,11.5129254649702,8.94368022239321,0
1,12000,1,2480,9.39266192877014,7.81601383915903,0
2,91000,1,36031.5001,11.418614785499,10.4921488376243,1
2,45000,2,3224.5834,10.7144177687525,8.07855904259107,1
1,10200,4,1330.4667,9.23014299927236,7.19328506191964,0
1,88000,1,6589.6668,11.3850920934603,8.79325806476153,0
1,80125,1,11106,11.291343194223,9.31524078180155,0
1,27829,1,5278.5333,10.2338339214274,8.57140355402025,0
1,8473,1,3364.6667,9.04463991619846,8.12108418813897,0
1,47000,1,6947.3334,10.7579028806922,8.84611318148027,0
1,53616,1,1656.9334,10.8896028099771,7.4127238234987,0
1,77000,1,7664.7166,11.2515607008358,8.94438281736733,0
1,5600,1,3383.8333,8.63052187672324,8.12676445828343,0
2,12780,1,645.8,9.45563672793152,6.47048985832418,1
1,76000,1,10048.6667,11.2384886192685,9.21519523801955,0
1,55000,1,11571.9667,10.9150884642146,9.35634078845621,0
1,77180,1,12036.75,11.2538956350916,9.39571974886938,0
2,4040,3,2805.4667,8.3039999709552,7.93932518557861,1
1,70000,1,11382.9999,11.1562505210315,9.33987628454019,0
1,115453,1,19295,11.65661879972,9.86760127397172,0
1,103416,1,13994.3667,11.5465149679638,9.54641014904999,0
1,14000,1,4801.3,9.5468126085974,8.47664199356059,0
1,29088,2,9175.5333,10.2780809969772,9.12429579657416,0
1,57200,2,3313.1334,10.9543091773679,8.10564966710954,0
1,27108,1,5790.4,10.207584166256,8.66395665280948,0
1,16738,5,8221.4999,9.72543686259282,9.01450794099105,0
1,72604,1,7773.9333,11.1927752957139,8.9585315314937,0
1,85000,1,9684.4,11.3504065354725,9.17827162245068,0
1,3216,1,5346.8,8.07589363029886,8.58425353009732,0
1,86000,2,5444.35,11.3621025752356,8.60233365266731,0
1,128000,1,10410.3333,11.7597855429018,9.25055417838754,0
1,36000,1,7090.5,10.4912742174382,8.8665111389014,0
1,66000,1,1895.4167,11.0974100210086,7.54719398780239,0
1,18972,1,2199.4,9.85071948699747,7.69593987487683,0
1,22162,1,2755,10.0061343894963,7.92117272158701,0
1,35000,2,5630.8335,10.4631033404715,8.63601275635715,0
1,480,2,1514,6.17378610390194,7.32251043399739,0
1,60000,1,10649.5001,11.0020998412042,9.27326823106877,0
2,229357,1,22533.1499,12.3430350205973,10.0227428327973,1
1,4190,2,2956.6667,8.34045601291618,7.99181779790947,0
1,68000,1,12623,11.1272629841582,9.44327582575286,0
1,37000,2,5792.7501,10.5186731916264,8.66436243189582,0
1,5964,2,1951.6667,8.69349667588463,7.57643900444313,0
1,30000,1,16983.75,10.3089526606443,9.74001228353853,0
1,150000,1,6564.8038,11.9183905730784,8.7894779005325,0
1,27832,1,21017,10.2339417168318,9.95308691302741,0
1,21655,1,6785.0999,9.98299165364873,8.8224842958157,0
1,8000,1,14599.5,8.98719682066197,9.58874256053466,0
1,28630,1,6247.5,10.2622103980922,8.73993666270911,0
1,369386,1,37322.8333,12.8195974467329,10.5273605711578,0
1,23000,2,2650.0001,10.0432494949113,7.88231495671612,0
1,61010,2,12229.6499,11.0187930641459,9.41161860194278,0
1,140000,1,58534.6667,11.8493977015914,10.9773744508683,0
1,19608,1,8581.3334,9.88369292520795,9.05734458833285,0
1,36000,1,8947.3368,10.4912742174382,9.09911120274207,0
1,21216,1,2025.6667,9.96251089298559,7.61365415992273,0
1,32520,1,9432.8,10.3896105636617,9.15194825626246,0
1,120000,1,18841.45,11.6952470217642,9.84381450907537,0
1,16608,1,4641.4,9.71763978596561,8.44277132384866,0
1,38200,1,59185.9001,10.5505907945947,10.9884386185177,0
1,344386,1,5554.4456,12.749518400303,8.62235389511298,0
1,113016,2,4657.3333,11.6352846805915,8.44619831010144,0
1,12195,1,2222.3333,9.40878131065002,7.7063129589507,0
1,30000,2,11672.75,10.3089526606443,9.36501234447823,0
2,27816,1,3011.6,10.2333666736877,8.01022677797597,1
1,83036,1,21448.4,11.3270295276827,9.97340532949944,0
1,23926,1,3842.6,10.0827210127308,8.2539044997976,0
1,120000,1,5153.3333,11.6952470217642,8.547399027005,0
1,18072,1,2303,9.80211905814784,7.74196789982069,0
1,67407,1,7614.8333,11.1185041490743,8.93785337408505,0
1,17806,1,2083.8,9.78729075813362,7.64194842897808,0
1,46666,1,8006.2499,10.750771127107,8.9879777531548,0
1,6000,1,32754.1667,8.69951474821019,10.3967854604516,0
1,264386,1,27019.3868,12.4851654354821,10.2043099169562,0
1,5000,2,8995.9999,8.51719319141624,9.10453530196316,0
1,38624,1,19508.5001,10.5616291238973,9.87860555213802,0
1,25500,1,7821.0001,10.1464337311465,8.9645677153877,0
1,56600,1,6701.3333,10.9437642641913,8.81006178558118,0
1,5000,1,1355.3333,8.51719319141624,7.21180268092599,0
1,20693,1,4002.2667,9.93755075781183,8.29461615460238,0
1,15000,1,7087.0001,9.61580548008435,8.8660174129206,0
1,78000,6,11498.75,11.2644641056717,9.34999361279137,0
1,10488,1,2768,9.25798702544354,7.92588031673756,0
1,17000,2,15881.6577,9.74096862303835,9.67292011852172,0
1,1935,1,7334.7499,7.56786260546388,8.90037859319959,0
1,67600,1,23582.35,11.1213632620311,10.068253829855,0
1,32608,1,8184.15,10.3923129360225,9.00995463590925,0
1,34000,1,5653.1001,10.4341158035983,8.63995936393051,0
1,43000,5,11168.4,10.6689553946757,9.32084364097967,0
1,34000,1,3190.3334,10.4341158035983,8.06788070442425,0
1,10068,3,4625.9,9.21711735625521,8.43942622561005,0
1,30000,1,6273.75,10.3089526606443,8.74412954096914,0
1,235000,1,49396.5,12.3673407931263,10.8076348504636,0
1,50102,1,3035.5,10.8218162064358,8.01813143457049,0
1,123020,1,6702.4167,11.7201022227624,8.81022344183445,0
1,264416,1,12467.9,12.4852788995009,9.4309126203225,0
1,57013,1,2721.0833,10.9510345909881,7.9087853520596,0
2,127000,1,4308.3334,11.7519423654407,8.36830642618241,1
1,63004,1,11761.9,11.0509534954216,9.37262077302831,0
1,50688,1,2691.8833,10.8334444751741,7.8979963391563,0
1,2000,1,1133.0001,7.60090245954208,7.03262434928926,0
1,24000,1,4136.0499,10.0858091093301,8.32749648091239,0
1,41000,1,27162.3333,10.6213273456864,10.2095864874083,0
1,9001,1,2785.2501,9.10509096125709,7.93209295084285,0
1,76296,1,16447.8,11.2423757912587,9.70794700864789,0
1,35187,1,4464.65,10.4684319751896,8.40394610278014,0
1,130385,1,13800.6667,11.7782468911833,9.53247218157253,0
1,45796,1,3516.6,10.7319520300437,8.16524989271044,0
1,71416,1,4848.9333,11.1762772128592,8.48651402159726,0
1,25000,1,2091.75,10.1266311038503,7.64575631517571,0
1,114400,1,29697.75,11.6474563579278,10.2988265643453,0
1,118073,2,20295.1999,11.6790583562342,9.91813967894117,0
2,16720,1,3221.3333,9.72436088663869,8.0775506211588,1
1,27600,1,2187.4167,10.2255710517052,7.69047653750671,0
1,79000,1,10382.5666,11.2772031314492,9.24788339012435,0
1,311004,1,41608.7244,12.647561052815,10.6360651454148,0
1,55000,1,7182.7999,10.9150884642146,8.8794445442456,0
1,60000,6,5854.0499,11.0020998412042,8.6748889913016,0
1,14400,2,10241.3,9.57498348556409,9.23418384366063,0
1,21608,1,5008.3,9.98081889547245,8.51885181513911,0
1,3996,1,5654.1,8.29304913976844,8.64013622469069,0
1,13317,4,1327.6,9.49679669350214,7.19112807984582,0
1,55015,1,2485.4,10.915361154304,7.81818889137189,0
1,126088,1,9047.05,11.7447353548554,9.1101940167044,0
2,42316,1,9779.2667,10.6529205441067,9.18801978066765,1
1,102400,1,61157.3,11.5366419915875,11.0212045125675,0
1,42000,1,13340.4,10.6454248972655,9.49855230402757,0
1,132900,1,16590.75,11.7973522447013,9.71660059011924,0
1,19620,1,2001.8,9.88430473311935,7.60180205478492,0
1,54202,1,9159.5665,10.9004730871159,9.12255413122079,0
1,45000,1,7358.7501,10.7144177687525,8.90364537393174,0
1,61322,1,3350.75,11.0238939482399,8.11693948035861,0
1,6600,2,1712.25,8.79482492801452,7.44556357407801,0
1,246632,1,24545.6489,12.415652626095,10.1082898832989,0
1,91200,1,2732.3333,11.4208101760624,7.91291121178534,0
1,3692,2,6063.8499,8.21392359562274,8.71010017437733,0
1,95000,6,9635.4333,11.4616321705827,9.17320255129551,0
1,36671,1,7540.75,10.5097415309417,8.92807692555126,0
1,50000,1,11728.5,10.8197782844103,9.36977705623268,0
1,2000,2,2495.35,7.60090245954208,7.82218427890834,0
1,34092,1,2187.8,10.4368180316422,7.69065175168569,0
1,67000,1,14725.85,11.1124478983731,9.59735973181132,0
1,27840,1,814.2166,10.2342291144484,6.70222642397207,0
1,139216,1,11356.0333,11.8437819628058,9.33750444995912,0
1,45000,1,7475.1667,10.7144177687525,8.91934169901357,0
1,7000,6,3206.5501,8.85366542803745,8.07295090297957,0
2,73200,1,3275.35,11.2009506999494,8.09418001258814,1
1,55000,1,9616.6,10.9150884642146,9.17124605083509,0
1,43001,1,2415.1667,10.6689786502192,7.78952359061954,0
1,136800,1,6850.9167,11.8262752841706,8.83213774712005,0
1,131808,4,12780.2167,11.7891015972358,9.45565368396931,0
1,41000,1,9231.2999,10.6213273456864,9.13035515181687,0
1,43056,2,2493.9333,10.6702568729667,7.8216163816963,0
1,1608,1,3113.8,7.38274644973891,8.04359912425557,0
1,84915,1,21872.0489,11.3494060351389,9.99296479469642,0
1,27502,1,1767.7167,10.2220140082829,7.47744399280162,0
1,145209,1,6942.2667,11.885929362923,8.84538361400702,0
1,153008,1,12533.4912,11.9382454865893,9.43615963637523,0
1,334436,1,71634.5868,12.7202008099006,11.1793332921807,0
1,57400,1,12822.9334,10.9577995823077,9.45899051865322,0
1,52408,1,14476.6334,10.8668145304117,9.58029113890739,0
1,48719,1,6351.1,10.7938243767216,8.7563833052309,0
1,24128,1,5546.6666,10.0911282708077,8.62095241368786,0
1,30068,1,3662.1333,10.3112167622974,8.2058011254458,0
1,79480,1,12020.3501,11.2832606966658,9.39435633412094,0
1,30660,1,5140.4,10.3307141524258,8.54488617643299,0
1,62000,4,3047.3333,11.0348896640272,8.02202215928505,0
1,264386,1,28529.3368,12.4851654354821,10.2586881982311,0
1,15216,1,3674,9.63010278478517,8.20903626577507,0
1,77208,1,11257.4,11.254258357587,9.32878096916936,0
1,192000,1,22345,12.1652506510099,10.0143578613676,0
1,69308,1,2063.3833,11.1463156186307,7.63210229319551,0
1,40000,2,4785,10.5966347330961,8.47324130388705,0
1,1932,1,4909,7.56631101477246,8.49882553405805,0
1,54208,1,7199.6,10.9005837780117,8.88178074790532,0
1,40383,1,5207.2667,10.6061641833122,8.55781037136342,0
1,117201,4,12337.6001,11.6716456885119,9.420406797184,0
1,117000,4,12522.0001,11.6699292137799,9.4352423842912,0
1,58675,1,12284.2499,10.9797690207192,9.41607322489009,0
1,64000,1,8470.1333,11.0666383623418,9.04430152542073,0
1,36100,2,6588.1334,10.494048144321,8.79302534002999,0
1,212000,1,29113.8248,12.2643415536542,10.2789684193831,0
1,19776,6,2421.9333,9.89222436025742,7.79232138451004,0
1,62000,1,22427.2002,11.0348896640272,10.0180297958265,0
1,63727,1,9982.3001,11.0623636136086,9.20856881369305,0
1,29484,1,2069.1333,10.2916030223092,7.63488510292974,0
