"CEindex","TotalExpLastQ"
1,27688.0501
2,4891.4
3,10513.2501
4,11577
5,17383.8
6,10190.9999
7,2274
8,29113.8248
9,5529.4
10,36529.5499
11,8633
12,3302
13,45797.5002
14,6821.2501
15,27951.2499
16,9454.9001
17,6043.5001
18,71634.5868
19,19374.55
20,12849.6499
21,16085.75
22,14068.75
23,20133.0501
24,13719.3499
25,7000.4
26,6665.8
27,5620.4
28,30826.4368
29,7840
30,7038.75
31,2368.4
32,22032.1999
33,10428.8
34,24116.5867
35,8103
36,5925.0001
37,5487
38,5277.0001
39,22519.25
40,34452.5867
41,8850.4499
42,7406.8999
43,17293.25
44,7434.4
45,17299.5501
46,25081
47,11797.7
48,3634.15
49,4297
50,5881.45
51,5717.9999
52,8696.8499
53,17545.55
54,12747.0001
55,8276
56,41345.9001
57,6605.8
58,22602.0733
59,9737.5
60,9455.4999
61,2110
62,6220.8
63,8099.8499
64,3215
65,8252.9
66,8968.2001
67,15081.05
68,7684.2501
69,6397.8
70,5249.4
71,23366.5
72,13426
73,18375.2502
74,4888.95
75,10100.15
76,13727.7502
77,3214.4
78,2643
79,6958.25
80,8896.3999
81,8704.7
82,9707.6501
83,16206.4501
84,10163.8
85,19508.5001
86,12132.8001
87,5759.9501
88,15389.2002
89,8692
90,22552
91,7769.65
92,8087.0499
93,5389.5001
94,27574.0001
95,3507.7499
96,16600.8499
97,6396.6499
98,10127.35
99,12221.4
100,30850
101,5180
102,17060.5
103,5819.4
104,3665
105,12162.0001
106,12270.8
107,5953.15
108,10759.1001
109,4598.0501
110,11496.75
111,7848.8
112,3701
113,9250.0002
114,5419.8
115,7026.9
116,15929.9999
117,17404.1501
118,7027.2501
119,16747.7498
120,12624.4
121,23109.0001
122,11704.65
123,7227.9499
124,17736.4
125,2008.5
126,5046.4
127,18050.0001
128,18526.8001
129,7298.3501
130,18563.2501
131,42598.7501
132,27035.7001
133,9938.3368
134,18313.3368
135,2152.4
136,16369
137,33237.25
138,17728.2502
139,4835.1499
140,14404.9999
141,10241.3
142,13550.2868
143,15868.8
144,6273.75
145,21032.2501
146,5973.5
147,5481.7501
148,16072.0001
149,11684.0001
150,51832.75
151,6851.0999
152,6247.5
153,9086.2499
154,7451.15
155,13374.5499
156,10804.3
157,14999.6502
158,7175.2499
159,20975.8367
160,10023.65
161,5769.3499
162,7743
163,7075.7501
164,17087.6368
165,11339.15
166,19973.9999
167,14836.1499
168,2559
169,2564
170,16734.3501
171,13771.8
172,11920.8
173,9244.2501
174,15755.4
175,52600.9866
176,20859.4867
177,20662.25
178,13817.8999
179,5406.8999
180,5767.7499
181,13780.7501
182,7022.2501
183,3563.8
184,19999.8001
185,9145.9001
186,24253.6501
187,12874.9001
188,15362.1998
189,18729.2499
190,11863.0002
191,21916.0499
192,5244.7499
193,8842.4001
194,4174.25
195,9635.5001
196,10900.5001
197,12293.8001
198,4019.25
199,14179.5501
200,6030.4
201,6276.6001
202,5290.1
203,7660.1
204,11803.4001
205,33124.0001
206,12778.35
207,8026
208,3758
209,8818.7999
210,30449.6733
211,2317.5499
212,33243.0868
213,16983.75
214,4785
215,6949.4
216,6324.9001
217,8789.75
218,27019.3868
219,11154.75
220,8760.25
221,16596.2501
222,41191.6499
223,10143.3
224,13080.2499
225,12658.5999
226,9639.2501
227,16113.3998
228,13177.7501
229,16859.6
230,6428.9998
231,2251.4
232,7453.5501
233,9481.25
234,6624.6499
235,12089.1
236,27026.3367
237,6877.4
238,2525.4
239,16003.3999
240,25471.4367
241,5613.4
242,10028.9999
243,9213.0001
244,24309.9999
245,3939.4
246,5887.25
247,12827.25
248,31365.1368
249,11484.5001
250,14725.85
251,25206.6498
252,11524.8
253,4855.4
254,5007.2999
255,12383.2499
256,10570.4001
257,83979.3366
258,12654.5001
259,11885.8
260,6681.9001
261,11755.2499
262,13417.7501
263,6706.5
264,25950.2498
265,13722.75
266,14691.7368
267,13187.5001
268,55963
269,5059.4
270,9012
271,5856.5001
272,11640.5001
273,30309.25
274,57454.3368
275,39267.5
276,51298.15
277,21578.1501
278,8681.15
279,10856.5001
280,3011.4
281,14686.75
282,16322.5001
283,20603.5002
284,12046
285,19070.7502
286,2846
287,20667.5
288,6219.4
289,28411.0502
290,1653.4
291,9091.4
292,14582.5001
293,9507.8
294,3523.8
295,7245.4
296,13595.7999
297,7833.7501
298,14361.1499
299,10899.0001
300,18287.2502
301,12082.5001
302,3634.8
303,10764.7502
304,19334.3501
305,10965.4
306,9966.3999
307,17560.7501
308,10818.6499
309,9334.4
310,16531.3368
311,10659.65
312,30161.7503
313,19185.75
314,70165.3368
315,7088.0001
316,30357.3368
317,15949.7501
318,7408.45
319,7746.6001
320,10952.5001
321,1766.2501
322,3802
323,59738.2501
324,4976.2501
325,11900.8868
326,11185.95
327,22792.0001
328,7307.8
329,13668.8
330,16711.0001
331,12702.25
332,4923
333,4472
334,10085.2501
335,13335.2499
336,8377.4
337,8990
338,2495
339,4373.0001
340,3974.4
341,3279
342,10802.9001
343,60828.3368
344,8965.5001
345,38315.5161
346,33183.4999
347,6906.5001
348,351
349,26138.1
350,40489.6734
351,10206.8999
352,2763
353,13628.65
354,25737.7369
355,3507.4999
356,3147
357,11009.9
358,12857.5001
359,24380.2499
360,19358.4001
361,5209.5001
362,4877.9
363,9231.2999
364,35849.2
365,14983
366,14011.65
367,22871.4
368,5519.4
369,13822.9
370,9819.0501
371,7728.6
372,9797.2499
373,12030.95
374,18238
375,21321.5868
376,21032.8366
377,20636
378,7564.8499
379,13566.7502
380,11761.9
381,18554.2501
382,25621.9
383,13895.4
384,8018.6
385,28222.4
386,6565.4
387,17480.2
388,2958
389,3620.9
390,4716.25
391,1362
392,2777
393,14760.6501
394,5727.9999
395,8380.2502
396,113465.25
397,12849.4
398,39099.3368
399,8431.5499
400,19998
401,50223.5869
402,8050.4001
403,7934.8001
404,8180.75
405,7079.5001
406,3674
407,7469.9
408,7240.4
409,12471.75
410,10847.7001
411,14417.5001
412,11611.5
413,11488.4
414,7296
415,9833.5001
416,14297.7501
417,6727.8499
418,20290.4
419,4477.5
420,6334
421,4149
422,4137.0001
423,17864.7499
424,18407.9999
425,13078.4
426,3947
427,11871.8
428,4295.4
429,7599.5
430,13953.1
431,29005.3368
432,4136.0499
433,149409.0868
434,9014.5001
435,11758.3998
436,7968.6001
437,16122.9
438,16901.2499
439,11106
440,11623.5501
441,9784.2501
442,2348.5
443,25950.7499
444,14654.65
445,7150.5999
446,14337.2499
447,18271.25
448,17982.25
449,8438.7501
450,7720.55
451,4839.75
452,4272
453,4817.45
454,22217.9
455,8803.2
456,13978.5498
457,7075.7501
458,17284.65
459,21573.6999
460,21957.2502
461,13992.8999
462,9155.5001
463,16225.7501
464,28624
465,5567.7502
466,6518.4
467,7634.5
468,62636.3368
469,11672.75
470,3626
471,1754
472,5137.8
473,2594
474,3750.4
475,7225
476,11660.8
477,5102.4
478,13626
479,5179.75
480,10270.0999
481,18687.5501
482,2933.2999
483,17022.5246
484,15053.6668
485,3781.2667
486,48693.1666
487,17496.8334
488,4001.3333
489,13395.8579
490,2684.3001
491,7328.6667
492,8519.6
493,1994.6667
494,16675.5579
495,3478
496,11045.9333
497,7388.0334
498,9206
499,3424.6668
500,5682.8334
501,4693
502,14223
503,2340.6667
504,6871.1334
505,4077.6667
506,11464
507,12990.2998
508,3400.8333
509,3455.9333
510,35332.4999
511,7403.7666
512,9020.9333
513,9187.3333
514,10498.5579
515,1246.6667
516,8613.9333
517,2058.9333
518,4312.2667
519,1616.5
520,3711.7
521,4327.9333
522,11289.4577
523,4583.2
524,10382.5666
525,2063.2667
526,8470.1333
527,8192.2
528,6304.3334
529,6114.8667
530,4811.1667
531,2862
532,7530.9333
533,5362.7667
534,28911.6666
535,8995.9999
536,3759.0667
537,10439.5
538,3584
539,3982.8334
540,15634.8333
541,11562
542,34713.3999
543,4293.2667
544,5878.2333
545,5555.2666
546,5654.1
547,11028.5001
548,5691.9667
549,2222.3333
550,5253.6667
551,8576.3334
552,17065.1668
553,5403.5
554,7370.5333
555,2570
556,6226.1
557,3146.4666
558,6413.1668
559,11141.5912
560,9355.2667
561,10722.1667
562,11371.8333
563,3102
564,5283.2
565,15344.6667
566,5508.5333
567,4431.8001
568,1951.6667
569,26693.3577
570,17035.3001
571,20912.5498
572,5087
573,6474.6667
574,4225.6667
575,11346.3333
576,5447.5999
577,6155.4999
578,18593.4911
579,11646.6333
580,18554.2579
581,3644.1667
582,5196.6667
583,9536.3333
584,18031.6333
585,5948.3333
586,4503.2667
587,3160.2667
588,7773.9333
589,11872.2667
590,7604.7667
591,5241.6333
592,9021.2001
593,12398.7667
594,11897.3333
595,5216.6
596,6899.5001
597,2876.9333
598,9140
599,3630.0001
600,7679.4666
601,833.6667
602,6785.0999
603,10212.1667
604,14991.3333
605,4595.5334
606,14217.6333
607,4787.6667
608,1931.3333
609,6238.3999
610,3637.1667
611,5071.6667
612,19206.2245
613,9063.2
614,6419.5332
615,9952.9333
616,4345.5333
617,11280.9333
618,1133.0001
619,9196.3333
620,8307.5
621,1072
622,23805.4
623,4488.6667
624,6347.1667
625,4353.9333
626,4282.9333
627,6706.6667
628,6637.3666
629,8900.8333
630,5195.6667
631,5575.5333
632,12833.8333
633,4075.5333
634,1388
635,6487.9333
636,10455.4244
637,56970.3333
638,6375.6333
639,9942.3333
640,8331.0001
641,18749.3912
642,7763.6667
643,3269.5999
644,11899.2245
645,4745.3
646,1196.6667
647,10254.7001
648,8215.5
649,12831.6667
650,5362.3333
651,7475.1667
652,7549.3
653,56685.1223
654,6465.5333
655,2250
656,1125.8333
657,8482.7667
658,20105.3333
659,50502.1245
660,3935.5999
661,11945.1667
662,3233.4999
663,2310.9333
664,8420.8
665,14405.8913
666,3326.1666
667,24545.6489
668,3789
669,15862.0333
670,6082.8667
671,4214
672,19610.0001
673,2289
674,5967.2667
675,41313.6668
676,7472.2667
677,3942.3333
678,3227.9999
679,928.6667
680,11676.6667
681,7581.3333
682,3848.9333
683,6511.8667
684,11780.3334
685,1402.3333
686,1387.6667
687,4695.4666
688,6847.4999
689,42014.3334
690,1804.2667
691,1386.6667
692,6505.0999
693,2958.3333
694,1220.2667
695,5271.8
696,9658.3667
697,4319.6667
698,140387.6
699,8720.5001
700,6522.3333
701,7019.6
702,4418.6
703,2146.2667
704,6557.6667
705,7301.4333
706,7199.6
707,4820.2667
708,8508.1667
709,5250
710,3305.6
711,8341.3334
712,4636.0334
713,15131.7333
714,2248.1333
715,5947.3334
716,5182.5333
717,12942.4245
718,13508.1245
719,5845.9666
720,6200.0334
721,9495.3001
722,7616.2667
723,4151.8333
724,8565.6667
725,7659.3333
726,6326.2333
727,4498.8333
728,3272.5
729,11779
730,16847.2
731,2397.2
732,6861.2666
733,4668.2
734,14947.6
735,12718
736,5972.1667
737,7976
738,13897.5
739,25549.3334
740,15124.3577
741,4643.1667
742,11883.3333
743,5234.6667
744,3166.2666
745,8099.5334
746,4756.6
747,15729.6667
748,4521.2667
749,5969.5666
750,10954.5
751,13794.1667
752,14458
753,14598.5
754,12992.3333
755,2621.6667
756,4593
757,13915.3333
758,5303.8667
759,2561.2667
760,5244.9333
761,28798.6077
762,11438.5
763,2438.1666
764,15135.1001
765,13004.6667
766,1801.3333
767,7478.4333
768,1911.7667
769,11631.3334
770,7211.6666
771,5087.9333
772,7901.2
773,5828.6
774,8755.6669
775,3594.6999
776,17682.1667
777,11335.0912
778,6953.5
779,4966.1666
780,3463.2001
781,6441.7666
782,3283.6
783,1531.6667
784,4215.2
785,7182.7999
786,5231.9333
787,4541.4667
788,5020.2
789,5157.2999
790,10476
791,4196.8333
792,23441.4334
793,8049.2667
794,24701.8912
795,2625.4666
796,13404.0001
797,2837.4333
798,8590.5001
799,8376.8667
800,3770.2
801,40500.6666
802,5387.9667
803,5947.6667
804,4318.1333
805,4028.6667
806,13055.7245
807,8751.6667
808,19786.4244
809,7037.4999
810,12787
811,41608.7244
812,7468
813,3771.3999
814,1555.6
815,6829.8
816,11424.9333
817,4404.8333
818,14566.2666
819,15066.1
820,3076.1334
821,9353.9999
822,3000.2667
823,14276.9334
824,18209.8333
825,3308.3333
826,19405.5334
827,2212.2667
828,6146.7667
829,7879.3333
830,4031.5334
831,10852.6334
832,4126.9334
833,8320.5579
834,4259.9
835,12509.0579
836,2057.3334
837,29022.3333
838,11125
839,4957.8667
840,3443
841,4928.2
842,8826.0332
843,5449.0001
844,14118.7333
845,15942.3333
846,14703.4912
847,5647.5001
848,3331.6667
849,18950.0001
850,1738.3333
851,11533.6667
852,4062.1667
853,22739.5335
854,6427.5333
855,4098.9333
856,12948.9333
857,16969.2001
858,8524.3001
859,7852.1667
860,114834.3387
861,10190.0334
862,4793.3333
863,12105.9334
864,9443.3333
865,17920.6666
866,23069.8832
867,8064.8667
868,7528.7667
869,9286.1667
870,5440.8333
871,7631.3667
872,3218.7334
873,1585.6
874,5681.2
875,20090.9333
876,6810.2
877,4655.4333
878,3201.2667
879,4863.5
880,7652.3332
881,6246.1667
882,1136.6667
883,7489.6667
884,40866.0579
885,29665.9999
886,7271.7999
887,18787.4999
888,3356.0001
889,5456.5333
890,4901.4999
891,35074.7245
892,15465.3666
893,12759.2667
894,3670.3334
895,4729.1667
896,10220.8912
897,2018.8667
898,7963.8334
899,10064.1666
900,15366.5333
901,15789.0333
902,3046.7667
903,8165.3333
904,2516.2
905,7860
906,6818.0333
907,11982.6667
908,5790.6
909,2525.5
910,14370
911,18213.8333
912,8817.6667
913,7846.2001
914,10115.5001
915,22432.3911
916,4609.9333
917,4555.8333
918,2487.4999
919,15742.5002
920,2894.6
921,16220.2667
922,20209.3333
923,5150.9333
924,9408.4999
925,2910.1667
926,6381.5001
927,8920.6667
928,10623.6667
929,7362.6666
930,8283.0001
931,1270597.725
932,6500
933,1819
934,12147.9333
935,2976
936,32754.1667
937,1642.3333
938,3884.6667
939,11487.0667
940,3313.9333
941,6675.6667
942,28595.8668
943,15068.2001
944,7823.1667
945,3379
946,7268.5001
947,8768.3667
948,7327.8333
949,11457.3667
950,1192.9333
951,5150.3334
952,4191.6
953,4787.0001
954,10143.7333
955,7311.6
956,7881.5667
957,15487.2001
958,3619.6
959,4848.2667
960,6211.2
961,16380.1667
962,8715.4333
963,2987.1666
964,2956.6667
965,10983.6667
966,11443.1245
967,6049.8333
968,4753.1667
969,12154.8
970,10994.2666
971,26444.9333
972,4950.3001
973,3733.4666
974,3358.6
975,4252.6
976,10872.7579
977,1990.9833
978,2790.6667
979,731.3834
980,6964.05
981,3620.5334
982,8099.2244
983,5349.75
984,3944.5833
985,4045.7456
986,1041.15
987,3848.1667
988,2144.3333
989,1611.7167
990,8342.6667
991,2215.4667
992,2522.2667
993,10710.3333
994,2839.8333
995,4773.3333
996,2621.3333
997,2612.1333
998,49483.2455
999,145.4333
1000,1787.15
1001,1795.4667
1002,14053.4123
1003,4275.9333
1004,3290.5834
1005,1806.6667
1006,5190.5167
1007,2277.3
1008,32575.8
1009,2485.4
1010,3136.4167
1011,2256.3333
1012,4017.4167
1013,1082.1333
1014,3979.2667
1015,2311.6667
1016,2664.2667
1017,2187.1333
1018,3115.0834
1019,6238.9122
1020,2218.8
1021,4779.7
1022,2103.8333
1023,6478.1123
1024,2089.9167
1025,2235.0333
1026,1483.0834
1027,3078.5
1028,3746.5167
1029,2865.05
1030,3047.75
1031,3831.55
1032,2210
1033,2179.6
1034,4657.3333
1035,2709.6667
1036,5444.35
1037,6070.8
1038,2069.1333
1039,2551.75
1040,1164.5833
1041,5730.3334
1042,1760.4167
1043,1594.6667
1044,1281.3333
1045,2414.4166
1046,958.9667
1047,2346.0834
1048,2421.8333
1049,2812.1667
1050,2802.6667
1051,18326.17
1052,678.4667
1053,3834.65
1054,1644
1055,8344.75
1056,2485.6
1057,2052.8
1058,4308.9167
1059,1828.9333
1060,2462.75
1061,1462.9333
1062,30
1063,3674.9333
1064,3639.45
1065,1463.2167
1066,5234.8334
1067,1328.75
1068,2304.6667
1069,4480.75
1070,14476.6334
1071,2661.6
1072,3760.9166
1073,1664.9
1074,20623.1667
1075,3626.3334
1076,6385.1789
1077,3171.1667
1078,2052.3333
1079,4935.6499
1080,1467.9333
1081,910.3333
1082,1417.4167
1083,4227.3334
1084,2114.1333
1085,5471.5166
1086,3615.1123
1087,5865.4667
1088,4136.6667
1089,2084.6667
1090,1350.6667
1091,2378.4333
1092,5837.75
1093,27702
1094,7667.5
1095,1867.0166
1096,8816.2456
1097,4156.8334
1098,7617.2834
1099,3554
1100,989.6667
1101,2142.7334
1102,10830.75
1103,2355.5333
1104,2310.6334
1105,1105.25
1106,3057.5833
1107,2585.1333
1108,3247.2
1109,2434.1666
1110,9472.7667
1111,1461.6
1112,3313.1334
1113,5011.6
1114,5598.25
1115,5305.75
1116,9593.1123
1117,5149.4167
1118,3592.9
1119,1729.3333
1120,11688.6666
1121,3559.9333
1122,6854.5833
1123,1137.4667
1124,1384.4833
1125,3081.2833
1126,3700.25
1127,11072.1666
1128,4495.9166
1129,2147.1333
1130,4797.7789
1131,9853.9667
1132,3242.2667
1133,8183.0833
1134,3530.75
1135,2103.2499
1136,5996.6
1137,1478.9166
1138,10734.1955
1139,2536.45
1140,2738.75
1141,1958.4667
1142,1761.9333
1143,5936.8
1144,4848.9333
1145,911.4667
1146,2650.0001
1147,4504.3334
1148,8159.3334
1149,6153.8333
1150,6971.6
1151,4679.4333
1152,2391.1333
1153,13004.6167
1154,2912.2667
1155,1425.6
1156,3261.9
1157,2345.75
1158,1980
1159,10276.9
1160,6778.7789
1161,3425.0833
1162,2848.4167
1163,1283.1333
1164,3672.6
1165,5929.4499
1166,7943.8956
1167,5905.05
1168,2121.55
1169,5010.8
1170,8789.9167
1171,2723.4667
1172,10667.7789
1173,8548.8333
1174,1639.7667
1175,12197
1176,2670.4667
1177,3898.4667
1178,9166.6956
1179,2260.75
1180,1613.25
1181,6683.25
1182,3154.9667
1183,2623.75
1184,3500.2167
1185,3517.35
1186,4814.6667
1187,6225.4333
1188,4352.9167
1189,285.1667
1190,1794.6667
1191,2625.0833
1192,4016.9667
1193,4488.3833
1194,1853.2166
1195,6055.6955
1196,1357.8
1197,2165.1167
1198,1444.8
1199,1324.4667
1200,2185.3333
1201,4266.6956
1202,1773.25
1203,3422.8333
1204,1238.4667
1205,5380.3
1206,574.6333
1207,4122.0666
1208,4436.7667
1209,2681.6334
1210,4138.5834
1211,2717.6833
1212,4296.1333
1213,1249.3333
1214,1062.8333
1215,5674.0833
1216,1759.8834
1217,2551.9167
1218,1188.5
1219,4842.5167
1220,3275.35
1221,652.3333
1222,16927.1867
1223,1765.6667
1224,5010.5833
1225,3113.8
1226,2691.8833
1227,2647
1228,6340.7333
1229,2841.1
1230,2518.7333
1231,3977.1667
1232,2864.8833
1233,12729.1123
1234,15732.8038
1235,1221.1333
1236,2890
1237,2046.55
1238,1253.6667
1239,3023.3166
1240,1832.15
1241,6721.5
1242,5834.5834
1243,3058.0001
1244,2091.75
1245,4687.1667
1246,753.6667
1247,3566.4622
1248,4532.9333
1249,8118.5
1250,1888.7667
1251,7812.8789
1252,3267.25
1253,4189.3
1254,2654.5834
1255,1994.1333
1256,4233.9333
1257,1812.75
1258,11547.3623
1259,2715.7333
1260,3325
1261,1429.3333
1262,3015.3
1263,14678.7956
1264,9951.45
1265,2463.6667
1266,2616.2167
1267,1946.8834
1268,5906.9
1269,2342.6667
1270,6820.2334
1271,875.0834
1272,2107.7834
1273,7691.4
1274,1664.3333
1275,4037.3666
1276,800.1667
1277,2978.7
1278,2227
1279,4352.1123
1280,4467.4167
1281,2636.75
1282,4312.35
1283,1791.9333
1284,2949.2833
1285,9390.9833
1286,4304.8334
1287,8947.7166
1288,10959.4167
1289,6766.6667
1290,2049.8
1291,9932.45
1292,3476.9166
1293,3439.5834
1294,4552.1167
1295,5706.9333
1296,3355
1297,4530.2
1298,694.1333
1299,7038.2334
1300,4181.8333
1301,1915.8333
1302,1361.8
1303,4048.4167
1304,3548.9167
1305,7540.65
1306,896.4667
1307,8845.5834
1308,3859.2667
1309,6377.5166
1310,4661.8333
1311,8742.8333
1312,1808.2167
1313,2583.75
1314,4779.25
1315,2189
1316,8707.3333
1317,2532.4167
1318,4788.9667
1319,1656.9334
1320,1668.8
1321,7496.1333
1322,13228.7534
1323,8576.5
1324,2652.9167
1325,3593.3333
1326,2525.8
1327,2251.9167
1328,1289.65
1329,3380.1333
1330,3841.05
1331,1793
1332,4877.8
1333,4816.5789
1334,1060.2667
1335,1996.1333
1336,1271.4167
1337,1655.95
1338,2601.8333
1339,14987.6122
1340,1363.6667
1341,6720.6667
1342,6923.6
1343,2530.05
1344,4178.1333
1345,2063.3833
1346,2081.1333
1347,1238.6667
1348,2608.3333
1349,4821.5
1350,1918.8
1351,4420.6166
1352,5120
1353,4051.8
1354,12728.6667
1355,1121.6667
1356,8342.1667
1357,4497.8167
1358,1528.6333
1359,5444.0833
1360,4632.45
1361,1293.4667
1362,9783.9167
1363,4372.0333
1364,1514.3667
1365,3484.75
1366,3875.2667
1367,2907.0833
1368,1805.25
1369,5153.3333
1370,2119.4167
1371,6274.4456
1372,7273.3333
1373,9100
1374,4670.1333
1375,3089.05
1376,4673.9
1377,1188.7
1378,4147.5834
1379,4632.4833
1380,3750.9667
1381,5671.2666
1382,3404.6166
1383,1748.9
1384,18146.7789
1385,11915.6333
1386,3035.5
1387,1972.9333
1388,823.7666
1389,2084.9
1390,2181.1333
1391,1633.2166
1392,2196.3333
1393,2721.0833
1394,4665.5
1395,3099.7167
1396,2000.1667
1397,4249.1833
1398,3121.1
1399,24098.0289
1400,1143.3333
1401,4404.2833
1402,2171.5
1403,1769.25
1404,2381.6
1405,3161.3333
1406,4911.5834
1407,2339.2
1408,5080.85
1409,12750.3333
1410,2440.2667
1411,1699.8
1412,1518.9167
1413,2757.5833
1414,1803.6667
1415,526.1667
1416,2538.4833
1417,2512.8833
1418,5150.3333
1419,2094.9333
1420,7874.9834
1421,1871.1333
1422,5128.4167
1423,6870.7667
1424,1939.2334
1425,5831.0833
1426,1832.5
1427,1370
1428,4244.75
1429,1991.1667
1430,2533.2
1431,3851.1
1432,4260.75
1433,4707.55
1434,5907.4667
1435,7947.2667
1436,4901.6333
1437,1261.2833
1438,2926.5
1439,7999.5834
1440,6609.2167
1441,3941.6667
1442,1933.8334
1443,1325.3333
1444,4505.9167
1445,2448
1446,7157.9333
1447,2680.05
1448,3063.45
1449,2198.4834
1450,1528.2667
1451,3903.4333
1452,5966.6667
1453,3046.2333
1454,1529.6333
1455,1495.75
1456,36872.75
1457,2290.3334
1458,5978.5
1459,1009
1460,1140
1461,4095.5
1462,5588.9166
1463,2835.3333
1464,2744.4834
1465,1298.3333
1466,11242.7289
1467,7633.1667
1468,6653.4167
1469,2618.6
1470,2673.8
1471,3621.5
1472,1142.4834
1473,8005.3334
1474,8501.1333
1475,4472.4667
1476,4797.1667
1477,3704.7166
1478,2635.4667
1479,612
1480,1360.4667
1481,1432.8
1482,9970.35
1483,9285.8501
1484,13236.5
1485,4218.3
1486,31582.2001
1487,11464.2501
1488,8947.3368
1489,9418.7368
1490,1717
1491,47182.2501
1492,2440
1493,7112.75
1494,6378.4
1495,20658.3001
1496,9457.2
1497,10422.0501
1498,6936
1499,11281.75
1500,6307
1501,8620.8499
1502,18065.7368
1503,18402.8
1504,3957
1505,17002.7501
1506,6441
1507,10680
1508,10603.9001
1509,11290.4
1510,8191.2
1511,12419.5001
1512,17104.2501
1513,9818.3498
1514,12319.7499
1515,14024.0001
1516,13596.5999
1517,19018.8
1518,11295.5
1519,2089.4
1520,6479.2499
1521,7315.3501
1522,11105.2501
1523,3793.4001
1524,5718.4001
1525,17023.4001
1526,1913.4
1527,7826.75
1528,3733.4
1529,59679.548
1530,6421.3001
1531,15164.2499
1532,1712.25
1533,19891.0001
1534,55742.3365
1535,8167.75
1536,15271.0001
1537,10410.4
1538,16307.65
1539,20976.3001
1540,7994.1499
1541,22748.95
1542,6745.7499
1543,32471.4
1544,2406.5
1545,8903
1546,5501.2501
1547,15972.1999
1548,11911.5
1549,19990.4
1550,1988
1551,17473.7502
1552,19461.3366
1553,13513.5001
1554,18018.4001
1555,10206.75
1556,7611.2501
1557,9751.5
1558,8037.8
1559,36073.4
1560,2044.5
1561,10866.55
1562,9913.4
1563,11465.5002
1564,18067.2501
1565,12575.5001
1566,7829.5999
1567,8922.7501
1568,3109.4
1569,58062.1001
1570,24444.2499
1571,14001.6001
1572,2788.7501
1573,40742.5
1574,16404.5
1575,17852.9867
1576,13666.9999
1577,2444.4
1578,8961.75
1579,4667.4
1580,19081.25
1581,10205.3999
1582,15482.25
1583,8923.2501
1584,13725.0001
1585,6276.4999
1586,3837
1587,5507
1588,9544.95
1589,6054.0499
1590,9281.7502
1591,3300.4
1592,9932.3
1593,2052
1594,1764
1595,12467.9
1596,45119.0864
1597,14264.5001
1598,28445.8
1599,21084.8499
1600,33034.0866
1601,9691.25
1602,5016.9
1603,6455.9999
1604,12927.2
1605,1642
1606,10844.3001
1607,29583.05
1608,16352.0501
1609,6073.15
1610,10800.65
1611,19711.7
1612,6639.7499
1613,15343.8868
1614,54341.4999
1615,24200.5001
1616,19506.7501
1617,20036.05
1618,10751.7499
1619,8345.0001
1620,4934.3501
1621,13467.4998
1622,12036.75
1623,11743.1368
1624,13836.3367
1625,15944.5
1626,28119.4
1627,7695.0001
1628,6631.8
1629,7299
1630,59185.9001
1631,11319.2
1632,4856.4
1633,5510.5
1634,27309.2502
1635,11728.5
1636,962.75
1637,20368.4001
1638,3453.8
1639,8369.4999
1640,11208.8
1641,5302.25
1642,8909.4
1643,5875.6499
1644,3522.4
1645,14262.1001
1646,19771.4
1647,5553.2501
1648,10651.4998
1649,9519.2501
1650,14475.6501
1651,10112.5
1652,81237.6733
1653,17263
1654,36031.5001
1655,9132.25
1656,8956.7501
1657,9564.75
1658,4917.4
1659,6982
1660,22820
1661,13116.4
1662,6867.4
1663,4714.75
1664,5946.2501
1665,15698.6501
1666,2025.4
1667,48328.8001
1668,12320.7499
1669,5722.4
1670,7002.7001
1671,6179.4
1672,19355.25
1673,6848.5001
1674,17670.75
1675,11858.3999
1676,6688.0001
1677,15330.9501
1678,14279.2499
1679,10557.4867
1680,8588.9999
1681,653
1682,22427.2002
1683,8894.3999
1684,13166.9999
1685,14738.7501
1686,5716.75
1687,3853.4
1688,2165
1689,8287.2498
1690,35777.1368
1691,8462.2502
1692,3767.2499
1693,22263.5001
1694,16645.2501
1695,15194.1001
1696,6890.8
1697,25743.5499
1698,25096.85
1699,15847.9999
1700,6010
1701,15603.4001
1702,4084
1703,4814.15
1704,12826.6001
1705,18682.0001
1706,49242.8368
1707,19279.2
1708,6463
1709,3884.7501
1710,4433.4
1711,5977.0001
1712,6923.4
1713,6814
1714,5965.4001
1715,13032.6
1716,15721.4999
1717,33027.5866
1718,28150.5
1719,3393.2501
1720,23055.8001
1721,10234.2
1722,4306
1723,7303.0501
1724,5146
1725,9742.8
1726,30780.75
1727,10759.6
1728,14484.5
1729,16165.1
1730,12929.25
1731,18451.8
1732,15530.1499
1733,20400.8001
1734,19355.4
1735,15771.2499
1736,18778.8002
1737,7571
1738,7886.7499
1739,13915.9499
1740,6109.85
1741,12831.1501
1742,17450.7499
1743,12664.0001
1744,7170
1745,2366.0001
1746,4559.4
1747,4629.4
1748,7336.65
1749,5650.0001
1750,15425.25
1751,8206.7999
1752,8732.2501
1753,9120.2502
1754,2099.5001
1755,11498.75
1756,8102.4
1757,6102.4
1758,6763.4
1759,4020.4999
1760,11632.1001
1761,15512.1999
1762,13574.4999
1763,16795.3
1764,33238.7501
1765,17381.95
1766,31650.4001
1767,79223.9734
1768,7708.6501
1769,7762.8
1770,22641.5999
1771,48855.7499
1772,3958
1773,24787.5
1774,21024.8
1775,10554.7501
1776,1929.5999
1777,2125
1778,4462.95
1779,12675.75
1780,33643.5866
1781,39370.4
1782,27768.4501
1783,20713.2501
1784,63733.25
1785,2628.0001
1786,4510.8001
1787,18340.9501
1788,7633.0001
1789,12477.25
1790,11702.5
1791,12367.9998
1792,6858.3502
1793,4868.75
1794,4672.0001
1795,9068.7001
1796,5395.4
1797,6399.7501
1798,3344.2499
1799,13643.45
1800,24579.0001
1801,4702.2501
1802,2980.4
1803,26931.0001
1804,10611.5001
1805,6405.75
1806,8656
1807,5496.8
1808,9024.55
1809,15163.75
1810,63520.8427
1811,13834.4499
1812,15272.2502
1813,14714.7501
1814,23244.1001
1815,11762.7499
1816,7985.4999
1817,11888.75
1818,4952.75
1819,4427.9
1820,13892.45
1821,8470.2
1822,27992
1823,17475.5
1824,5413.6499
1825,49396.5
1826,15342.8
1827,7087.0001
1828,5302.2501
1829,2714.4
1830,43243.4
1831,17660.5501
1832,8357.3499
1833,9643.7001
1834,8089
1835,6384.5
1836,23722.8
1837,25159.4
1838,11864.0999
1839,27854.2112
1840,11458.7501
1841,29977.4999
1842,6453
1843,3966
1844,19375.2498
1845,4294.7499
1846,7686
1847,9319.7499
1848,42733.9001
1849,15263.5
1850,3822.4
1851,12104.2501
1852,16928.4998
1853,4699.5
1854,23999.0001
1855,6107.2001
1856,9323.4
1857,28585.3499
1858,7187.7501
1859,11332.5001
1860,17099.5001
1861,10678.0499
1862,7981.6499
1863,9350.3
1864,9483.95
1865,1870
1866,18865.4
1867,22073.0367
1868,9385.0501
1869,10722.5001
1870,6527.7499
1871,7127.8
1872,15540.8367
1873,12485
1874,4980
1875,6897.2501
1876,4769.5
1877,5580.5001
1878,21645.8002
1879,6959.15
1880,17499.5498
1881,11973.5001
1882,9185
1883,6866.4
1884,23802.5
1885,11438.4
1886,4323.4
1887,28477.4115
1888,6873.8001
1889,17652.5
1890,12405.1
1891,48225.4
1892,6379.2501
1893,5258.7501
1894,7361.5
1895,23258.7499
1896,15179.8001
1897,11925.0499
1898,19090.7501
1899,10465.8501
1900,23287.2501
1901,3732.2499
1902,14758.6999
1903,21443.3501
1904,8131.8501
1905,20688.9998
1906,17797.2502
1907,16814.7498
1908,11241.1999
1909,16381.2501
1910,6461
1911,12801.55
1912,12798.9501
1913,12754.75
1914,12220.25
1915,7451.4
1916,4642.4
1917,13196.2501
1918,21859.2501
1919,8851.4
1920,7741.8
1921,14568.4
1922,9120
1923,29930.4501
1924,75819.3368
1925,6984.3999
1926,5765.4
1927,11286
1928,18766.5999
1929,3754.4
1930,9427.6501
1931,6662.3999
1932,10262.7499
1933,19561.7501
1934,19098.2501
1935,2215
1936,17768.7499
1937,3885
1938,6063.8499
1939,8901
1940,5252.25
1941,1698
1942,17660.0999
1943,5245
1944,4048.4
1945,9720.7502
1946,10688.9
1947,8224.0001
1948,20701.5
1949,9708.8501
1950,15360.3368
1951,2410.5001
1952,18987.8
1953,7875.1999
1954,6560.4
1955,41496.5101
1956,17171.4999
1957,5890.2501
1958,4503.4999
1959,4313.5
1960,14437.25
1961,2291.25
1962,10647.2001
1963,18317.9999
1964,29280.9
1965,14083.75
1966,7157.4
1967,3031
1968,7672.0499
1969,8802.4
1970,6973.4
1971,21359.3368
1972,38534.2499
1973,25142.2499
1974,15034.55
1975,17215.65
1976,5379
1977,50785.8247
1978,16402.1366
1979,7645.8
1980,8663.8
1981,4238
1982,8004
1983,5932.5001
1984,13343.7501
1985,10012.9999
1986,25520.25
1987,8214.6667
1988,16721.1667
1989,60299.3333
1990,5422.3
1991,6426.7667
1992,2204
1993,3108
1994,34632.5333
1995,4507.9333
1996,10761.6667
1997,2195.9333
1998,8599.5001
1999,12741.8912
2000,3811.9333
2001,7927.9999
2002,7421.0334
2003,7109.3333
2004,5502
2005,2417.6667
2006,6189.8667
2007,8509.6999
2008,7524.8333
2009,18261.6
2010,4002.2667
2011,6118.5667
2012,6777.6
2013,10593.5
2014,14056.6667
2015,7161.0001
2016,3076.2667
2017,5950.6667
2018,9662.5335
2019,5278.5333
2020,14811.2245
2021,4004.1
2022,8483.3333
2023,4835.6667
2024,3960.9999
2025,10666.8333
2026,3747.3667
2027,3961.5
2028,4312.3334
2029,16365.5577
2030,6876.9334
2031,9779.2667
2032,15418.3335
2033,15507.5577
2034,9282.2
2035,6559.6
2036,2368.6667
2037,11203.8911
2038,3555.9333
2039,3760.2667
2040,2480
2041,13766.8335
2042,5675.8333
2043,4386.1667
2044,9753.6667
2045,3882
2046,9282.6666
2047,4809.2
2048,7222.6333
2049,2982.9333
2050,9041.6
2051,6646.5001
2052,7244.6911
2053,761.9
2054,4222.6667
2055,9993
2056,6249.1667
2057,4100
2058,3775.8334
2059,12270.5666
2060,4063.6
2061,37785.9333
2062,6756.6667
2063,27516.7667
2064,10857.9667
2065,5689.2667
2066,6144.8333
2067,9135.8333
2068,1491.6
2069,2200.9333
2070,10135.8667
2071,9986.5333
2072,5122.8335
2073,14363.2
2074,4281.3333
2075,5998.7333
2076,4588.5333
2077,6103.8333
2078,13531.5333
2079,5063.8333
2080,4613.9667
2081,5325.3333
2082,10063.7245
2083,1067.1666
2084,3512.9333
2085,11823.7334
2086,8057.8334
2087,6467.6
2088,1704.6667
2089,7067.4999
2090,4372.3334
2091,2239.8333
2092,11650.6334
2093,3817.9333
2094,7542.5334
2095,3364.6667
2096,9326.5001
2097,12817.2578
2098,8617.0667
2099,3662.3333
2100,4932.1999
2101,5072.8001
2102,9672.6667
2103,5205.3333
2104,5450.1667
2105,17080.5333
2106,6947.3334
2107,3821.7333
2108,5740.6666
2109,4285.5
2110,1380
2111,8511.5333
2112,18223.2577
2113,16707.4334
2114,12263.1579
2115,3589.6001
2116,4065.3333
2117,2893
2118,8583.3333
2119,5287.2
2120,5586.5
2121,13335.8667
2122,19369.1579
2123,5800.5333
2124,2261.5333
2125,6884.7667
2126,5068.2001
2127,10304.6667
2128,3072.0001
2129,6525.1667
2130,6963.9666
2131,2737.6
2132,20567.5579
2133,2472.0001
2134,16587.8911
2135,4371.6999
2136,8422.4999
2137,17289
2138,4425.3333
2139,2559.6667
2140,9031.3333
2141,14338.3333
2142,7579.1667
2143,4948.5334
2144,6052
2145,9555.1667
2146,4171.1001
2147,7918.5333
2148,16569.5666
2149,14599.5
2150,2574.6667
2151,13716.6
2152,5897
2153,5619.0001
2154,6581.5001
2155,14772.1667
2156,2703.9333
2157,5076.8333
2158,9447.4333
2159,8618.8911
2160,13295.8001
2161,11537.8333
2162,5091.2
2163,2753.2
2164,7173.6
2165,18466.3333
2166,5417.1666
2167,7419.2333
2168,8490.3333
2169,5653.1001
2170,9291.2999
2171,8731.3666
2172,10896.8666
2173,33546.3911
2174,3772.1332
2175,11265.5
2176,35007.2743
2177,6250.2667
2178,4803.6001
2179,11105.8335
2180,13446.8333
2181,3573.6667
2182,8442.2667
2183,4708.6667
2184,8855.2667
2185,24980.8912
2186,9816.1666
2187,16065.6667
2188,5558.2245
2189,4540.2667
2190,1208
2191,9185.5001
2192,3989.3
2193,14881.6667
2194,3407.6667
2195,5081.0667
2196,21713.8334
2197,3027.3334
2198,17430.4335
2199,9179.2667
2200,2615.2667
2201,11599.7666
2202,11537.0999
2203,7213.6666
2204,4304.6001
2205,6713.6667
2206,10497.3999
2207,6894.1667
2208,1202.3333
2209,17109.9333
2210,16551.3333
2211,5249.0333
2212,37322.8333
2213,21018.9667
2214,2037.6667
2215,6228.2667
2216,7454.2999
2217,8553
2218,5376.5999
2219,6932.6667
2220,8250.6667
2221,6503.6
2222,4139.8334
2223,11978.6666
2224,15335.7912
2225,20605.3333
2226,5252.2
2227,2331.3333
2228,6152.3333
2229,11108.7155
2230,7324.3333
2231,10595.3334
2232,6005.6666
2233,2430.3333
2234,2299
2235,9009.1667
2236,6437.9667
2237,12841.5578
2238,6577.1666
2239,12751.8667
2240,2572.9001
2241,11186.6665
2242,10692.1999
2243,8848.8333
2244,1157.6667
2245,5315.2
2246,9550.8333
2247,4976.5667
2248,8896.8334
2249,8925.1667
2250,10596.4
2251,4427.1667
2252,8068.8334
2253,17463.8245
2254,9421.7666
2255,8519.8332
2256,6287.7
2257,5632.0001
2258,14653.8334
2259,8176.5667
2260,25153.2
2261,8689.7999
2262,12733.4666
2263,18403.2245
2264,4659.5001
2265,2619.0001
2266,3168.6667
2267,16928.8333
2268,10173.1667
2269,13392.6333
2270,19693.6665
2271,3314.9333
2272,4074.9333
2273,6831.5999
2274,8254.2666
2275,3252.6
2276,4169.2667
2277,10886.8334
2278,5230
2279,9850.8999
2280,6686.2667
2281,12622.9667
2282,8484.6666
2283,3012.8333
2284,3842.2667
2285,15492
2286,22406.6667
2287,8998.1001
2288,9477.1667
2289,2757.2667
2290,7938.6667
2291,3422.6
2292,16062.8333
2293,17144.0334
2294,16825.6667
2295,3425
2296,10599.4999
2297,6905.5
2298,4009.8334
2299,9256.8333
2300,20995.8667
2301,11564.6667
2302,31370.5666
2303,5596.0333
2304,15229.5001
2305,16296.9999
2306,2717.2667
2307,14949
2308,23074.5578
2309,12574.1
2310,13147.6666
2311,8790.6667
2312,3335.2667
2313,5865.9333
2314,6733.5
2315,2176.2667
2316,2254.3334
2317,6921.1667
2318,4963.2
2319,4090.3332
2320,8509.1666
2321,5183.6
2322,12432.1
2323,27162.3333
2324,6416.6333
2325,12155.1667
2326,10307.5333
2327,3845.2
2328,11966.1668
2329,8917.2999
2330,1743.6
2331,6752.2
2332,5528.1667
2333,9636.2999
2334,8270.3333
2335,60499.3912
2336,6050.5333
2337,10036.9667
2338,14127.1667
2339,12128.4333
2340,16611.3333
2341,3684.3333
2342,8098.2
2343,5697.6667
2344,3001.6
2345,12828.5579
2346,9193.8333
2347,8508.5
2348,14354.8333
2349,2168.6
2350,18223.3667
2351,22034.5245
2352,2379.6667
2353,6740.5001
2354,4526.6667
2355,12832.3333
2356,7630.3333
2357,12322.6666
2358,6514.8333
2359,11830.9999
2360,6175.5333
2361,3162.0999
2362,2303
2363,6089.2
2364,1284.3333
2365,3890
2366,6731.9999
2367,5245.9999
2368,11618.3334
2369,11194.8667
2370,14327.6666
2371,10958.1666
2372,13565.4998
2373,14706.8911
2374,10453.8667
2375,3721.9333
2376,4656.1
2377,12138.3333
2378,2656.3333
2379,9794.4667
2380,6147.3333
2381,3293.9333
2382,3792.4333
2383,5990.6667
2384,3478.0001
2385,13406.8245
2386,12639.4667
2387,4861.1667
2388,3562.4333
2389,3815.1334
2390,11908.1333
2391,10106.5001
2392,5725.3
2393,4900.9333
2394,11740.1821
2395,5809.9999
2396,9616.6
2397,24616.2001
2398,4259.4334
2399,5641.9999
2400,6663.3333
2401,8701.8667
2402,3618
2403,5914.8334
2404,10031.3333
2405,3446.1333
2406,12519
2407,11408.5
2408,3064.3999
2409,5160.8334
2410,2861.3333
2411,12688.1667
2412,4113.5001
2413,4786.8999
2414,3579.1333
2415,6418.9667
2416,17825.4999
2417,3567.8999
2418,2287.3333
2419,3261.9333
2420,10920.4333
2421,3175.3333
2422,6088.3334
2423,8549.9333
2424,11405.6667
2425,6807.6667
2426,14022.5
2427,20440.7001
2428,7014.5334
2429,9941.9333
2430,17001.3334
2431,6423.6667
2432,2122.3333
2433,6669.8334
2434,5015.6667
2435,3676.9333
2436,6959.9333
2437,9308.0001
2438,4048.5
2439,15095.6667
2440,4586.5001
2441,6641.7001
2442,4445.9667
2443,3999.2667
2444,11887.0245
2445,10622.2
2446,10410.3333
2447,49045.1667
2448,9658.7
2449,2086.2667
2450,2430.9334
2451,6559.2667
2452,8044.5
2453,11571.9667
2454,8287.0001
2455,6806.6001
2456,4993.4789
2457,4522.3666
2458,3826.35
2459,4497.3333
2460,3854.75
2461,3436.8334
2462,2688.6166
2463,862.6667
2464,18333.2823
2465,10432.2667
2466,2852.3333
2467,2236.0833
2468,3032.1667
2469,1660.8
2470,3797.0833
2471,3730.25
2472,2606.1333
2473,1012.05
2474,3455.9333
2475,2697.1667
2476,6059.3
2477,9288.0834
2478,2392.4167
2479,4415.4167
2480,4308.3334
2481,2492.1334
2482,1606.4667
2483,1862.3834
2484,5637.4167
2485,6277.7166
2486,2777.0833
2487,9010.9166
2488,4133.4333
2489,3173.1333
2490,1373.2667
2491,3698.35
2492,8888.5
2493,1040.4667
2494,989.6667
2495,4982.6667
2496,1271.6
2497,895.8
2498,10255.1955
2499,4205.5667
2500,1587.4667
2501,2298.1333
2502,11043.0833
2503,6242.4001
2504,5076.9333
2505,2383.5
2506,3109.0833
2507,6456.2333
2508,1197.4667
2509,4564.1667
2510,3722.8333
2511,1599.3333
2512,3622.9166
2513,1626.8666
2514,6615.8333
2515,14159.3333
2516,11235.3333
2517,4770.4167
2518,3906.0833
2519,3189.0167
2520,5259.3333
2521,3995.4166
2522,4374.9833
2523,1330.4667
2524,3307.75
2525,3716.1667
2526,2732.3333
2527,4214.3334
2528,3599.1334
2529,3741.3333
2530,1206.5
2531,9297.2
2532,2563.1667
2533,7105.8833
2534,292.9167
2535,6036.9833
2536,1763.8
2537,3209.6666
2538,1057.4667
2539,13319.1956
2540,1161.75
2541,10669.4456
2542,3044.6
2543,1646.6667
2544,1106.6667
2545,1802.3
2546,4788.85
2547,2153.6667
2548,435.6667
2549,5169.6122
2550,5028.5
2551,2106.7501
2552,1735.0834
2553,1969.8
2554,5679.6289
2555,2171.3334
2556,6792.5834
2557,4460.4167
2558,8883.6667
2559,2600.7333
2560,3118.6667
2561,7040.2167
2562,2542.2833
2563,6660.4833
2564,5153.7789
2565,4792.2333
2566,4997.1333
2567,11231.5827
2568,2942.6
2569,2374.9333
2570,4164.8167
2571,3072.0833
2572,3721
2573,2968.1333
2574,7449.9289
2575,7320.7501
2576,3638.6
2577,978.9667
2578,4176.6167
2579,3334.9333
2580,1220.0833
2581,10257.779
2582,5140.3334
2583,11929
2584,2767.75
2585,2401.4167
2586,2573.5
2587,5916.6834
2588,3437.4166
2589,11859.9333
2590,3175
2591,5901.3334
2592,2721.1833
2593,3242.75
2594,2856.4167
2595,2249.25
2596,6059.9667
2597,5301.4667
2598,4194.1333
2599,1956.7667
2600,2733.9334
2601,2204.2666
2602,4746.9456
2603,664.3333
2604,2090
2605,3364.0666
2606,2677.9333
2607,2576.1167
2608,2800.55
2609,2723.3
2610,2477.3333
2611,7705.7334
2612,9674.3333
2613,5610.9833
2614,4200.7333
2615,2070.9167
2616,2010
2617,5099.95
2618,3972.5334
2619,10159.0499
2620,5938.4
2621,1274.6
2622,21499.35
2623,2144.1667
2624,5270.2167
2625,1604.6667
2626,773.4167
2627,5354.5833
2628,673.3333
2629,6869.9666
2630,3755.5
2631,11910.2334
2632,3113.3333
2633,1000.3333
2634,2592.6667
2635,3898.5
2636,4537.6333
2637,3390.25
2638,1361
2639,2726.3
2640,14523.4416
2641,2347.6334
2642,3672.6667
2643,3014.4333
2644,5482.8123
2645,5779.5167
2646,9986.4166
2647,7258.5
2648,3474.55
2649,11163.5834
2650,3780.1167
2651,2374.6
2652,9047.05
2653,6935.4999
2654,35460.6156
2655,5164
2656,3041.4167
2657,3938.4666
2658,5418.75
2659,4068.5
2660,10341.1666
2661,3772.3333
2662,1497
2663,3147.4667
2664,1327.6
2665,6200.3789
2666,6385.9167
2667,17884.6911
2668,13459.6956
2669,3545.4167
2670,1794.6667
2671,2459.3334
2672,3188.6
2673,2491.4667
2674,3803.5
2675,9496.85
2676,4429
2677,909.5
2678,7848.7166
2679,2218.9166
2680,3674.6667
2681,2758.6
2682,1816.2333
2683,3474.8167
2684,823.1333
2685,4060.9667
2686,3243.1333
2687,1061.5
2688,27101.9667
2689,2952.5
2690,1354.9333
2691,43915.3583
2692,791.8
2693,10231.2456
2694,2999.4833
2695,1735
2696,2452.6167
2697,3011.6
2698,2802.8333
2699,2556.2167
2700,4443.9167
2701,3375.5
2702,2138.5834
2703,3630.9
2704,2007.25
2705,2620.6
2706,2097.0834
2707,762.4667
2708,3201.3122
2709,2487.3333
2710,7924.5833
2711,6920.8333
2712,6524.0834
2713,3408.1333
2714,1129.2
2715,5096.5
2716,2383.25
2717,1522.0667
2718,2774.0833
2719,3042.5834
2720,16219.9455
2721,3325.2666
2722,1342.1666
2723,1310.5833
2724,4182.9667
2725,3020.2666
2726,2951.9167
2727,1183.3333
2728,3715.4667
2729,3712
2730,1124.6667
2731,10268.1166
2732,3465.8334
2733,2082.5
2734,9767.3333
2735,2677.6667
2736,4832.0167
2737,3386.7667
2738,12504.1034
2739,4465.6667
2740,1198
2741,3881.6667
2742,3079.0166
2743,2763.9667
2744,2868.8333
2745,12848.9167
2746,4315.7167
2747,8026.1667
2748,9494
2749,9279.0667
2750,787.75
2751,2768.6666
2752,6413.6667
2753,4312.8333
2754,3463.3333
2755,7236.6667
2756,1952.8
2757,4142.7833
2758,5380.2622
2759,3625.4167
2760,1778.0834
2761,3467.6667
2762,4840.5833
2763,3239.1667
2764,2116.2667
2765,4659.4667
2766,6567.8333
2767,2604.8333
2768,6109.5
2769,2658.9333
2770,7310.6
2771,4798.1666
2772,5941.9167
2773,1227.7
2774,2057.75
2775,7289.5667
2776,2752.25
2777,9516.8333
2778,2097.1667
2779,2347.4167
2780,4546.9833
2781,4804.9333
2782,7557.0834
2783,3494.9167
2784,13750.1666
2785,2408.9667
2786,2079.0667
2787,3350.75
2788,7275
2789,5080.0833
2790,10512.4168
2791,31776.3623
2792,4318.0834
2793,2284.4667
2794,3309.5999
2795,1494.7167
2796,1097.4667
2797,2639.1333
2798,4177.25
2799,6006.2667
2800,5018.1123
2801,1543.5667
2802,1532.25
2803,3911.6
2804,11376.4667
2805,4276.1833
2806,7353.7789
2807,6527.6
2808,3491.3166
2809,7440.8334
2810,605
2811,5267.6667
2812,4249.1333
2813,13849.8334
2814,3219.5001
2815,3813.8
2816,8711.9456
2817,1557.4667
2818,7798.3333
2819,3660.2667
2820,5367.1667
2821,6877.3956
2822,4274.1334
2823,1615.3333
2824,7888.1833
2825,3945.5
2826,2481.6
2827,2349.6666
2828,1749.3333
2829,4698.7333
2830,7377.75
2831,3353.8333
2832,11018.7789
2833,30
2834,3266.9333
2835,1846.1333
2836,3884.9167
2837,3671.3333
2838,6212.3333
2839,981.6
2840,2522.8333
2841,13800.6667
2842,5699.5289
2843,3253.75
2844,1764.9333
2845,5175.0834
2846,3014.1666
2847,5260.0501
2848,1045
2849,7557.7667
2850,7424.6667
2851,7464.4667
2852,6147.1666
2853,5945.3834
2854,3131
2855,19569.8334
2856,2565.05
2857,3719.4
2858,2561.75
2859,6821.1333
2860,7614.8333
2861,6511.2456
2862,4238.6333
2863,4430.8333
2864,359
2865,8178.6833
2866,1999.8333
2867,4389.5167
2868,1632.4167
2869,9688.8622
2870,3497.6833
2871,10376.5289
2872,3227.6667
2873,3807.5834
2874,2463.8833
2875,9960.3333
2876,6541.1333
2877,2407.1333
2878,24405.6
2879,2766.25
2880,9938.5833
2881,4252.9333
2882,2981.8333
2883,1876.75
2884,2623.4167
2885,1484.4667
2886,2187.4167
2887,2981.4167
2888,3390.75
2889,7459.3333
2890,3195.5
2891,3236.8833
2892,4809.4667
2893,2604.8333
2894,10373.2667
2895,6789.1667
2896,1977.5333
2897,7681.15
2898,4636.4455
2899,1514
2900,5802.6333
2901,7039
2902,2872.3
2903,1020
2904,5070.9666
2905,550.6667
2906,7076.4167
2907,2809.2167
2908,4187.75
2909,5545.8333
2910,3932.8334
2911,305363.4667
2912,3035.6666
2913,2330.0334
2914,6014.2667
2915,5595.6667
2916,2040.45
2917,6127.15
2918,6335.7834
2919,3512.0667
2920,2377.9
2921,7695.9833
2922,389.1667
2923,14173.4167
2924,2002.4667
2925,2746.4167
2926,5620.0833
2927,1773.3167
2928,2201.85
2929,3081.1667
2930,2161.0667
2931,4355.0833
2932,2010.9333
2933,4999.5167
2934,6298.8834
2935,3154.4833
2936,4961.6333
2937,3959.6667
2938,5503.0001
2939,4306.3334
2940,2265.8333
2941,8243.1667
2942,2391.1666
2943,4039
2944,2066
2945,2995.7834
2946,4227.5
2947,10266.3333
2948,3267.4333
2949,3074.75
2950,1328.8
2951,4592.1667
2952,4484.4167
2953,2937.9333
2954,4057.8334
2955,3701.9666
2956,5446.4167
2957,5875.9333
2958,8223.5
2959,39736.3867
2960,11582.5001
2961,5790.4
2962,6937.4
2963,6773.5002
2964,10221.9001
2965,19887.7499
2966,10169.2
2967,5629.8
2968,42667.9101
2969,27369.1
2970,13704.2501
2971,6420
2972,8890.25
2973,4829.4
2974,9939.75
2975,10392.0501
2976,5529.7999
2977,13672.25
2978,11406.0501
2979,30077.9868
2980,10583.1501
2981,13259.75
2982,4609.7501
2983,3452.3
2984,16826.25
2985,18680
2986,10977.55
2987,60507.0868
2988,6076.3
2989,10847.2501
2990,5714.4
2991,11052.7501
2992,14859.1499
2993,10377.2501
2994,8535.2501
2995,19762.5501
2996,9462
2997,24110.7501
2998,6535.5001
2999,16397.4999
3000,4653.5001
3001,5742.0499
3002,11048.9999
3003,7564.9499
3004,39030.8101
3005,7573.2
3006,26673.65
3007,10284.9001
3008,10111.8
3009,20226.8366
3010,13579.3368
3011,9002.3001
3012,5647.75
3013,22981.55
3014,21713.2499
3015,5745.75
3016,5261.2001
3017,9955.0501
3018,5140.4
3019,15146.0001
3020,6750.9499
3021,5871.8
3022,8752.25
3023,11127.0001
3024,16382.0001
3025,10690.65
3026,8461
3027,35668.7368
3028,7005.2501
3029,38824.0001
3030,29751.6501
3031,5914.75
3032,16914.8
3033,27511
3034,5370.8499
3035,10019.5
3036,16590.75
3037,12159.6501
3038,5920.2501
3039,8782.4501
3040,2694
3041,12930.0001
3042,2973.5499
3043,10940.4
3044,4075.75
3045,6333.4
3046,21448.4
3047,54025.3102
3048,30398.3998
3049,17257.75
3050,14794.5501
3051,2784.85
3052,4131.0001
3053,2364.4
3054,22480.5
3055,15604.7001
3056,7767.4
3057,5542.9501
3058,12123.1
3059,6537.75
3060,9128
3061,11698.35
3062,406.6001
3063,14940.15
3064,32249.7
3065,61157.3
3066,7197.8
3067,11309.1501
3068,5308.75
3069,6110.25
3070,5987.2501
3071,11150.4
3072,7379.4
3073,4680.4
3074,1668
3075,7216
3076,16113
3077,16004.75
3078,30856.5
3079,11167.4001
3080,13028.7501
3081,8002.3999
3082,7477.4
3083,27033.3501
3084,4497.6
3085,10784.25
3086,13256.7499
3087,29697.75
3088,15536.7499
3089,12063.2
3090,7278.4
3091,2683.4
3092,46803.8001
3093,8288.25
3094,4994
3095,21998.7499
3096,15572.5
3097,17234.7499
3098,13006.8001
3099,22319.95
3100,14450.7498
3101,28376.2501
3102,20660.2501
3103,1581.2499
3104,40157.8
3105,7220.7499
3106,11925.4
3107,9684.4
3108,47054.95
3109,17444.8
3110,23841.5
3111,16173.9001
3112,13514.2501
3113,5433.4
3114,12753.6501
3115,13540.1501
3116,15341.7501
3117,6764.8
3118,32512.5
3119,4049.4499
3120,5717.4
3121,20046.7501
3122,3440.4
3123,5795.4
3124,5961.4
3125,15146.25
3126,9671.75
3127,5570
3128,1887
3129,16527.8
3130,2913.8499
3131,24365.8368
3132,18206
3133,14117.5498
3134,13655.7499
3135,37364.25
3136,14404.2498
3137,17784.75
3138,52902.2602
3139,6795.4
3140,9864.05
3141,7833.1
3142,4913.2
3143,1050.2499
3144,15968.5499
3145,14543
3146,2433.25
3147,8798.9001
3148,2479.4
3149,5641.65
3150,19587.5001
3151,17109.4
3152,4966.25
3153,5096.9
3154,14779.6501
3155,8121.4
3156,7358.7501
3157,34921.7499
3158,37561.7501
3159,5008.3
3160,8417.8
3161,10629
3162,9650.5501
3163,23529.8368
3164,42631.0866
3165,22037.5869
3166,14137.8
3167,29721.4
3168,1414.2001
3169,7977.4
3170,4787.4
3171,4293.4
3172,7540.1
3173,14203.4501
3174,14102.4999
3175,2307.75
3176,15694.75
3177,4175
3178,7432
3179,26557.5002
3180,36524.35
3181,61248.5002
3182,21804.65
3183,19498.1001
3184,7862.5
3185,22472
3186,9788.2499
3187,3438.8
3188,13473.0001
3189,8202.7999
3190,5091.5
3191,14603.7501
3192,6416.6999
3193,16322.75
3194,35774.95
3195,10233.4
3196,2663.7499
3197,7191.9501
3198,12212.8
3199,43545.3368
3200,26508.4
3201,14169.7001
3202,9598.0499
3203,12749.25
3204,4762
3205,12561.1999
3206,19175.25
3207,7434
3208,3625.8
3209,15925.9501
3210,8558.8999
3211,5876.7501
3212,7459.15
3213,4328.0001
3214,10001.0001
3215,4368.9
3216,8575.8
3217,5480
3218,1308.5999
3219,7644.2501
3220,2997.2501
3221,11582.0501
3222,5739.4
3223,8657
3224,8495.65
3225,10823.0001
3226,17913.5499
3227,14715.75
3228,13341.8499
3229,8780.05
3230,14381.5499
3231,15151.2501
3232,8252.0001
3233,12374.7499
3234,8389.5
3235,7943.9001
3236,27415.2234
3237,9991.2501
3238,9374.0001
3239,18602.3368
3240,34771.8
3241,5484.4
3242,8541.7501
3243,1558
3244,10459.5499
3245,4550
3246,15962.8
3247,3728.7501
3248,13628.05
3249,19197.2501
3250,13937.3
3251,27828.3368
3252,3880
3253,5091.2501
3254,13703
3255,5730.1499
3256,17907.0868
3257,4577.5001
3258,8667.4
3259,1735.8
3260,3845.35
3261,17568.5
3262,37251.0001
3263,4369
3264,8523.5001
3265,24697.6001
3266,7455.5
3267,15871.1499
3268,8127.9001
3269,15717.7
3270,9364.4
3271,11443.5
3272,13375.8
3273,6088
3274,14167.2498
3275,5041
3276,10976.4
3277,28346.3366
3278,28187.15
3279,14286.75
3280,6967.1501
3281,17075.8
3282,13097.5001
3283,20136.9999
3284,20057.4
3285,13148.4499
3286,2184.5
3287,1255.5
3288,5883.7501
3289,2768
3290,17830.15
3291,5478.7501
3292,6580.3
3293,8175.2499
3294,19618.2501
3295,4327
3296,4839.6499
3297,16882.75
3298,12208.75
3299,4813.7501
3300,19925.3001
3301,18170.4
3302,11557.9
3303,8723.4001
3304,18676
3305,8973.0999
3306,8221.4999
3307,7508.9
3308,9657.15
3309,835
3310,23081.2001
3311,5541.65
3312,10062.7502
3313,34341.2866
3314,5202
3315,33300.3368
3316,11306.2499
3317,25327.0001
3318,27322.7501
3319,7146.8499
3320,5751.4
3321,9191
3322,19441.3999
3323,5332.4
3324,14591.65
3325,7745.4999
3326,3907.3
3327,9739.6001
3328,4411.7501
3329,22905.4
3330,38880.8498
3331,47688.8002
3332,15932.15
3333,9027.8
3334,8431.75
3335,3430.1499
3336,10640.5001
3337,5062.6001
3338,10705.9999
3339,10806.4
3340,21191.0001
3341,16588.5501
3342,5895.3368
3343,6065
3344,4542.75
3345,4183.4
3346,8734.85
3347,2525.4
3348,5450.5
3349,20612.4999
3350,15422.4999
3351,10891.8
3352,9383.2
3353,7775
3354,7755.6501
3355,1976.4
3356,11134.9
3357,17219.3001
3358,5749.25
3359,6072
3360,8184.15
3361,4842.2499
3362,12010.7501
3363,13101.5002
3364,3244.5
3365,13434.75
3366,5131.3499
3367,5302.7499
3368,21975.1368
3369,8062.15
3370,12605.8
3371,12227.9
3372,24000.3368
3373,23069.5001
3374,8653.9999
3375,5194
3376,12950.65
3377,44617.5
3378,18682.0866
3379,10111.0499
3380,20771.25
3381,34524.5868
3382,1995
3383,38624.5869
3384,1395
3385,28036.4232
3386,12587.4
3387,7371.7499
3388,11470.7501
3389,9011.5
3390,16376.4
3391,4346.4
3392,3827
3393,3206.5501
3394,18516.4367
3395,28184.4999
3396,6530.15
3397,7768.8
3398,12017.8
3399,9372.75
3400,22405.5999
3401,16387.3
3402,3542.9499
3403,8856.3368
3404,16899.3499
3405,12009
3406,3190
3407,3175.4999
3408,7353.9
3409,5792.7501
3410,11333.0001
3411,31336.7001
3412,9673.1501
3413,12190.75
3414,4401.4
3415,11257.4
3416,18879
3417,8112.25
3418,7911.7501
3419,13598.4
3420,6215.2499
3421,4836.9501
3422,12534.7499
3423,5346.8
3424,5080.05
3425,20590.8001
3426,3995.4
3427,4007.9499
3428,17807.0001
3429,49051.2368
3430,10603.4
3431,29883.7499
3432,5515.5001
3433,3463.2
3434,4389
3435,20692.95
3436,6332.9998
3437,22536.9
3438,7412.25
3439,9041.6501
3440,7721.85
3441,16040.4499
3442,6791.45
3443,22329.0867
3444,2299
3445,47139.4
3446,5416.7501
3447,8003
3448,3277
3449,8703.0001
3450,7013.4
3451,27498.3001
3452,23163.8
3453,27325.4999
3454,7662.15
3455,3567
3456,20159.0001
3457,8449.4
3458,21215.9999
3459,13153.4999
3460,7008.9
3461,6447.7501
3462,5364.8
3463,4746
3464,16177.7499
3465,9556.8
3466,7433
3467,10792.0001
3468,25753.0733
3469,3769.35
3470,12863.8499
3471,9859.3501
3472,13119.7501
3473,1563
3474,13409.3366
3475,8037.4
3476,8166.0001
3477,15223
3478,8806.5001
3479,24894.4999
3480,3925.6001
3481,7795.5
3482,13882.25
3483,32933.9998
3484,9014.9999
3485,13839.0001
3486,8280.4001
3487,4979.4
3488,1891.9501
3489,18459.0002
3490,21797.85
3491,4472.9999
3492,16116.75
3493,14778.0001
3494,11461.0001
3495,11311.1667
3496,6880.8333
3497,26781.5913
3498,23066.062
3499,36612.9333
3500,12279.6667
3501,7704.3334
3502,5321
3503,5337.1001
3504,4450.8667
3505,3070.9333
3506,7725.8333
3507,7227.1666
3508,7460.5001
3509,5724.8334
3510,6985.1667
3511,3345.6667
3512,11205.8667
3513,2865.7334
3514,18911
3515,4735.6667
3516,10876.1667
3517,7995.5333
3518,4863.2667
3519,5905.5333
3520,11137.9333
3521,6637.7667
3522,12845.8667
3523,13498.1666
3524,6067.7333
3525,13700.3333
3526,10987.8667
3527,5996.1667
3528,3126.3333
3529,7038.9333
3530,2204.6667
3531,19995.5
3532,15400.3
3533,1782.3333
3534,15858.6999
3535,1972.6
3536,16757.1579
3537,5885.0001
3538,11233.3333
3539,9561.2667
3540,2804.9333
3541,1929
3542,7804.9333
3543,34208.5333
3544,3841.6
3545,2472.2
3546,1425.9333
3547,12229.4245
3548,21398.2001
3549,27321.7245
3550,1799.3333
3551,9198.4333
3552,6351.1
3553,10341.1667
3554,5967.6666
3555,4607.3334
3556,15910.6
3557,2168
3558,8432.8333
3559,6588.1334
3560,1508.6
3561,11886.4999
3562,2789.5667
3563,6754.4333
3564,2658.3333
3565,7112.9667
3566,7187.4333
3567,7919.5334
3568,5308.2667
3569,2835.6
3570,4843
3571,11313.1333
3572,7789.8667
3573,6400.2667
3574,3386.3333
3575,10757.7667
3576,17325.1667
3577,16329.9333
3578,9093.4334
3579,5063.2667
3580,6845.3667
3581,3079.2667
3582,12346.6
3583,14295.1666
3584,4801.3
3585,6138.6999
3586,11865.3333
3587,15249
3588,22448.6668
3589,5811.2001
3590,17702.2245
3591,3920.9999
3592,11885
3593,1391.6
3594,10308.9333
3595,10378.4667
3596,15276.1667
3597,3977.9333
3598,7361.8334
3599,3895.2
3600,27091.2735
3601,2922.1668
3602,4167.2334
3603,7410.6667
3604,4747.1667
3605,4071.8333
3606,4057.3001
3607,1787.3333
3608,3267.2334
3609,12182.5001
3610,10857.2
3611,15457.4999
3612,4195.7999
3613,3842.6
3614,6825.3333
3615,11964.5
3616,15068.3333
3617,20373.3333
3618,6533.8334
3619,21543.5
3620,12878.2245
3621,31078.5665
3622,41789.3579
3623,2828
3624,4187.5
3625,5647.3333
3626,9871.8333
3627,6649.6333
3628,3814.9333
3629,15582.8912
3630,8729.2666
3631,6517.3334
3632,8101.1001
3633,11058.9334
3634,3867.6665
3635,18787.3333
3636,10624.6667
3637,13556.2667
3638,10790.6667
3639,14950.7666
3640,36289.1
3641,3627.8334
3642,3803.3333
3643,3099
3644,2181.1667
3645,4950.6333
3646,5795.3333
3647,2703.3333
3648,6168.8334
3649,56852.5001
3650,4022.3335
3651,3560.6667
3652,7680.4333
3653,4751.4667
3654,4331.6001
3655,34663.8333
3656,3238.1666
3657,26447.5579
3658,12533.4912
3659,4086.7334
3660,16441.5999
3661,11200.4999
3662,7969.3332
3663,5540.5333
3664,7062.9999
3665,21641.1667
3666,20141.3244
3667,5305.6667
3668,3931.9667
3669,4084.3333
3670,9635.4333
3671,9584.1
3672,9356
3673,4503.2334
3674,9189.8333
3675,2303.9333
3676,79433.1667
3677,13300.0001
3678,4465.6
3679,2699.3333
3680,7787.3667
3681,11404.0333
3682,27274.3333
3683,4049.2
3684,16047.0001
3685,1171.9333
3686,12885.0579
3687,4725.2999
3688,9797.6666
3689,6176.1666
3690,11809.7999
3691,4174.6
3692,2111.9
3693,19296.6
3694,2923.0001
3695,8065.0001
3696,2381.6
3697,257167.7245
3698,5115.2667
3699,5507.6667
3700,4559.2667
3701,2586.3333
3702,19223.4666
3703,6591
3704,9823.6
3705,5693.5001
3706,4453.6333
3707,2694.9333
3708,4193.8334
3709,5469
3710,4410
3711,7434.1667
3712,4203.8334
3713,4997.5001
3714,5978.8667
3715,5717.6667
3716,6682.8333
3717,2832.9333
3718,11115.8667
3719,1856.8335
3720,4377.7667
3721,10497.4999
3722,4480.9333
3723,9259.1667
3724,5268.5001
3725,11435.1667
3726,9981.3333
3727,1168.6667
3728,12794.3912
3729,3488.6667
3730,4017
3731,5174.5001
3732,5212.2
3733,3218
3734,10227.5
3735,10650.1667
3736,20777.8911
3737,6390.8334
3738,10745.6667
3739,4701.2
3740,1824.8333
3741,8624
3742,2085.3333
3743,15081.6666
3744,5082.2
3745,10270.4334
3746,11210.1667
3747,5707.6667
3748,11638.5333
3749,2519.2667
3750,16878.7665
3751,4487.6667
3752,11528.9001
3753,9740.6666
3754,5474.6667
3755,6618.3333
3756,8531.4333
3757,524.6667
3758,5585.6667
3759,4610.6667
3760,12013.6667
3761,11875.9333
3762,6016.1333
3763,5229.2
3764,8350.5
3765,21105.7822
3766,4803.3333
3767,4929.7667
3768,4663.6001
3769,2578
3770,1177.6
3771,7170.6
3772,6281.5001
3773,19219.3667
3774,9175.5333
3775,9929.5
3776,2567.1667
3777,9396.4334
3778,8122.9333
3779,19568.0579
3780,7435
3781,7295.1667
3782,16154.0001
3783,12565.5333
3784,7658.8667
3785,2516.9333
3786,4021.2667
3787,843.3333
3788,8553
3789,6563.6667
3790,23253.6666
3791,8536.5
3792,3985.6666
3793,5630.8335
3794,5608
3795,5506.6666
3796,2442.1667
3797,4162.1665
3798,15168.5579
3799,2560.2667
3800,3654
3801,14210
3802,5485.8667
3803,9616.1667
3804,1370.3333
3805,5109.1333
3806,12143.7999
3807,4115.8333
3808,6663.0001
3809,29477.2734
3810,3107.3333
3811,12443.5579
3812,4540.8334
3813,6702.1
3814,5210.5
3815,9313.8334
3816,3421.8667
3817,6065.8001
3818,7171.4667
3819,9868.6666
3820,19750.9667
3821,5527.4333
3822,5504.8333
3823,5229.9334
3824,3375.5333
3825,9904.6667
3826,10921.8333
3827,2644.8667
3828,1958
3829,12137.3333
3830,3963.1667
3831,2694.8334
3832,11309
3833,14409.8911
3834,158.6667
3835,4874.5333
3836,8861.1666
3837,5322.1334
3838,13270.5001
3839,28160.5579
3840,16118.6666
3841,9133.1667
3842,4281.1667
3843,14453.3333
3844,2840.6
3845,9028
3846,7699.7667
3847,3989.1
3848,12096.4667
3849,4912.4333
3850,3603.2667
3851,13072.4333
3852,15182.6667
3853,1376.6667
3854,3879.0333
3855,2922.5334
3856,8096.6667
3857,5546.6666
3858,4837.8667
3859,3733.8667
3860,33959.5999
3861,13336.9666
3862,7275.1
3863,12046.5001
3864,9496.9001
3865,26288.6666
3866,7596.3333
3867,958
3868,11034.3333
3869,5134.0334
3870,5854.5
3871,6544.1666
3872,23413.8334
3873,17476.3332
3874,4951.8667
3875,8968.8912
3876,12211.0333
3877,8427.5001
3878,6565
3879,5950.2667
3880,10012.5333
3881,7805.8333
3882,9702.6667
3883,14331.1667
3884,15385.7
3885,9067.1333
3886,6488.1667
3887,12568.1667
3888,4775.4666
3889,614.6666
3890,3257.6
3891,7816.8333
3892,23304.3333
3893,8249
3894,24596.3333
3895,6633.8912
3896,2646.9333
3897,17170.9666
3898,9693.6333
3899,22324.2245
3900,6730.8667
3901,25756.7
3902,11173.0001
3903,9832.8333
3904,5109.9
3905,6235.2245
3906,7753.5
3907,3503.2667
3908,6701.3333
3909,9683.3334
3910,1479.1667
3911,7590.3333
3912,6676.2667
3913,10185.9334
3914,1614.8334
3915,3842.6667
3916,3573.2667
3917,16880
3918,4044.6667
3919,5593.9333
3920,13929.9333
3921,9292.0667
3922,6881.9333
3923,7864.4999
3924,3941.6333
3925,7106.7
3926,6406.7999
3927,10172.1667
3928,2421.9333
3929,434.5
3930,10965.6667
3931,11447.8667
3932,6300.6668
3933,2755
3934,3221.3333
3935,6960.6667
3936,7511.9333
3937,2779.3334
3938,6253.1334
3939,7324.0667
3940,9788.6667
3941,3761.2667
3942,6486.7
3943,12647.6911
3944,9183.3333
3945,11960.3667
3946,3329.3334
3947,14353.8333
3948,4858.6667
3949,8001.8667
3950,3859.4999
3951,7312.2001
3952,3016.0666
3953,3034.5334
3954,10790.1667
3955,9861.4333
3956,11747.3667
3957,4666.0999
3958,4544.9333
3959,12822.9334
3960,2537.9334
3961,1985.3333
3962,11718.6666
3963,2573.3333
3964,5820.6667
3965,2862.6
3966,5943.8667
3967,7573.9333
3968,6172
3969,5579.1
3970,8250.2999
3971,6173.1667
3972,6255.1667
3973,7868.9001
3974,9159.5665
3975,5684.3333
3976,6048.8333
3977,2081.3
3978,3105.7333
3979,5520.2667
3980,6249.6667
3981,7522.2245
3982,15067.3334
3983,10130.1666
3984,10017.7333
3985,4926.3333
3986,14906.1666
3987,6297.3
3988,6519.6001
3989,6166.8667
3990,15129.6001
3991,8546.6
3992,3900.4334
3993,2572.2667
3994,3343.9001
3995,2127.8667
3996,4688.8667
3997,7097.5
3998,5375.3333
3999,4030.0001
4000,11226.6333
4001,3677.9666
4002,6393.6667
4003,6364.8334
4004,15505.4333
4005,19055.1
4006,1719.9333
4007,3198.9333
4008,19110.2667
4009,7970.6667
4010,12221.1667
4011,14704.4999
4012,11808.6
4013,4280.9334
4014,1238.1667
4015,15771.5579
4016,4406.6667
4017,4678.5333
4018,7478.2665
4019,4100.2
4020,2852.8334
4021,4202.9333
4022,2563.4667
4023,5554.4456
4024,3496.3167
4025,1641.6667
4026,1764.2667
4027,6188
4028,3722
4029,9345.1333
4030,5306.3334
4031,923.0834
4032,3133.2667
4033,5947.0501
4034,4118.7166
4035,4128.1666
4036,9935.8
4037,1665.3667
4038,2097.1
4039,3920.3333
4040,4340.4667
4041,8589.2667
4042,1579.3167
4043,9346.3623
4044,1516.25
4045,2785.0166
4046,5873.25
4047,3732.8166
4048,1645
4049,6702.4167
4050,2549.1
4051,4455.8334
4052,4449.75
4053,699.35
4054,2389.4166
4055,5288.6666
4056,3433.3166
4057,12997.9167
4058,4128.7334
4059,2732.3333
4060,2806.4666
4061,6564.8038
4062,11060.1333
4063,2715.4333
4064,833.3333
4065,3619.3333
4066,1588.6667
4067,3036.8333
4068,10904.9167
4069,8053.5289
4070,21511.9834
4071,2393.6333
4072,1332.1666
4073,2309.1667
4074,7429.3333
4075,10906.4167
4076,1064.9667
4077,4508.5834
4078,6692.9166
4079,2548.1667
4080,4489.75
4081,3127.7333
4082,10387.0333
4083,5858.6667
4084,5725.8333
4085,2543.6667
4086,2602.6333
4087,6850.9167
4088,20575.4705
4089,8920
4090,1720.6666
4091,1807.3333
4092,4793.25
4093,3820.2167
4094,1707.6667
4095,4323.6
4096,2910.1001
4097,2454.05
4098,5379.7333
4099,7514
4100,4789.4166
4101,4739.4167
4102,3047.3333
4103,9066.4977
4104,9908.9789
4105,3102.3666
4106,3016.4167
4107,5795.0334
4108,5640.5
4109,4549.6667
4110,3511.9167
4111,1166.1334
4112,5016
4113,2375.4667
4114,1690.2167
4115,4334.3334
4116,5447.7123
4117,3393.4667
4118,2241.5833
4119,5172.4333
4120,3477.8167
4121,1043.1333
4122,3216.4001
4123,2132
4124,4289.6
4125,1057
4126,1602.25
4127,1349.6667
4128,2811.5166
4129,2577.5
4130,684.3334
4131,2904.3833
4132,1048.3333
4133,988.0834
4134,5210.5
4135,7149.85
4136,3359.7167
4137,5261.4667
4138,7704.9456
4139,1582
4140,18209.25
4141,3998.0834
4142,10992.3167
4143,2980.8
4144,1711.6
4145,4464.65
4146,8146.25
4147,1737.3333
4148,1990.6667
4149,5631.15
4150,12905.3955
4151,10642.4334
4152,3550.9167
4153,3316.6667
4154,2288.8
4155,1487.9167
4156,4631.3834
4157,11398.3333
4158,1838.3333
4159,4244.5334
4160,1980.4667
4161,6878.9166
4162,1791.3
4163,2071.6667
4164,1813.8334
4165,2901.8
4166,7366.1123
4167,10900.4456
4168,26418.4667
4169,1887.8333
4170,4456.75
4171,14516.55
4172,7314.6
4173,4859.75
4174,7655.5333
4175,2643.5
4176,7686.1667
4177,2188.75
4178,3188.1667
4179,6581.0834
4180,6626.3333
4181,595.75
4182,978.7
4183,1031.4667
4184,7664.7166
4185,3063.8333
4186,3785.8
4187,5100.4456
4188,2439.4334
4189,1543.5
4190,2891.8333
4191,1370.1166
4192,1136.4667
4193,4414.5334
4194,7191.6667
4195,4119.45
4196,3254.6
4197,9755.8667
4198,2493.8333
4199,7752.6333
4200,3236.25
4201,4265.6667
4202,2001.8
4203,1926.8333
4204,3127.5
4205,2531.5167
4206,1253.3333
4207,3045.3334
4208,2630.2833
4209,15726.25
4210,4682.35
4211,29199.3333
4212,3387.9167
4213,4098.75
4214,1111.0667
4215,5967.9
4216,1253.7667
4217,6635.6333
4218,3000.1167
4219,1921.2667
4220,3813.25
4221,287.4667
4222,1263.6667
4223,6797.25
4224,1374.8333
4225,3898.1666
4226,1072
4227,5483.2667
4228,4613.8333
4229,4056.35
4230,2495.35
4231,7537.4456
4232,7666.6667
4233,31516.1333
4234,4271.4167
4235,2685.55
4236,2835.9167
4237,2602.1667
4238,9806.8333
4239,4475.1667
4240,1904.6667
4241,1478.5834
4242,6540.2667
4243,2732.6667
4244,1376.8
4245,3106.25
4246,2805.4667
4247,2179.0167
4248,1567.5834
4249,3716.75
4250,8048.7166
4251,1475.6667
4252,1740.1333
4253,3834.6333
4254,5976.25
4255,2155.5833
4256,6532.5834
4257,3450.75
4258,1582.5
4259,1884.4667
4260,4026.55
4261,3622.5
4262,1677.8
4263,25233.1333
4264,1127.65
4265,3512.6334
4266,2354.6667
4267,3224.5834
4268,13326.5833
4269,20296.8834
4270,4670.0833
4271,7256.8643
4272,3050.25
4273,979.6333
4274,4018.0834
4275,473.1667
4276,1720.1667
4277,7343.5833
4278,2208.4333
4279,5232.7289
4280,708
4281,1421.3
4282,4937.8833
4283,7477.6667
4284,4117.8167
4285,4407.3333
4286,7455.5834
4287,7811.1
4288,1280.5334
4289,3539.4167
4290,1586.75
4291,7093.0166
4292,4757.3334
4293,4902
4294,4746.2501
4295,7160.1333
4296,9069.25
4297,2037.9167
4298,12374.5167
4299,2801.6
4300,7861.0334
4301,3353.2501
4302,6825.5667
4303,11762.6956
4304,3867.75
4305,2896.9333
4306,2441.0667
4307,985.6667
4308,4149.4167
4309,10299.4123
4310,3181.1
4311,923.3333
4312,1814.7834
4313,4526.05
4314,3575.9667
4315,6785.5833
4316,1302.3
4317,6482.6
4318,2316.25
4319,2371.15
4320,3855.7666
4321,5787.8
4322,3567
4323,5526.4667
4324,8726.3334
4325,5260.5834
4326,2163.5
4327,2088.4667
4328,16133.85
4329,11371.8
4330,4919.8167
4331,6764.4667
4332,2325
4333,3557.1333
4334,7832.4167
4335,4671.9167
4336,3710.2167
4337,1899.9667
4338,7482.0289
4339,4618.779
4340,1867.3333
4341,24355.0289
4342,4501.2667
4343,4730.0833
4344,3535.1333
4345,1416.1333
4346,4943
4347,2281.6334
4348,2958.75
4349,3780.3333
4350,618.8333
4351,1825.1333
4352,387.6667
4353,1796
4354,2391.7667
4355,3018.8333
4356,4100.7167
4357,2657.45
4358,1758.7167
4359,9215.9167
4360,6450.7167
4361,7650.3333
4362,9582.05
4363,2254.65
4364,1004.6333
4365,3348.8
4366,10701.5833
4367,6261.75
4368,4271.3333
4369,7280
4370,925.25
4371,16468.5578
4372,3290.9334
4373,10267.8
4374,5482.2166
4375,1029.3
4376,2149.8
4377,1487.3167
4378,2767.6333
4379,4614.4667
4380,57732.0166
4381,6428.5833
4382,6127.5
4383,3456.6167
4384,6127.8999
4385,2684.5667
4386,5382.4167
4387,1367.4166
4388,4989.1666
4389,3618.4999
4390,4412.5333
4391,4454.8167
4392,6085.2834
4393,3918.5
4394,2730.4167
4395,10086.5
4396,120.5834
4397,3649.1333
4398,7141.6667
4399,6098.4667
4400,143.6667
4401,2081
4402,2846.8
4403,3489.25
4404,2187.8
4405,4027
4406,6089.7833
4407,7010.2456
4408,1368.1333
4409,1234.9667
4410,12136.8333
4411,1070.1666
4412,3292.7789
4413,2662.3334
4414,1811.5
4415,3950.5
4416,5726.8956
4417,4998.9167
4418,13575.9
4419,3751.05
4420,11116.4456
4421,4345.6667
4422,1910.1667
4423,4233.85
4424,6794.4667
4425,7025.8667
4426,16159.8
4427,1606.3
4428,1170
4429,2176.5334
4430,8654.5
4431,4297.75
4432,5365.5167
4433,1229
4434,896.1333
4435,6577.3834
4436,4767.4
4437,2485.3167
4438,6094.8623
4439,2456.4333
4440,1929.8333
4441,3924.6833
4442,1495.45
4443,1870.7167
4444,1814
4445,3131.8
4446,814.2166
4447,5753.6667
4448,110.3334
4449,5694
4450,4897.2333
4451,3793.85
4452,1841.4167
4453,3989.3333
4454,3030.5001
4455,12845.25
4456,12290.95
4457,8884.5789
4458,4258.2667
4459,3529.4167
4460,4357.0834
4461,4913.55
4462,3725.5
4463,17094.7225
4464,4925.45
4465,19063.1167
4466,6247.8666
4467,5552
4468,2681.9334
4469,3071.95
4470,1661.1333
4471,5747.6667
4472,1792.2667
4473,2290.9333
4474,3712.6167
4475,5785.8334
4476,2091.0834
4477,5749.3334
4478,3509.85
4479,7578.8789
4480,6511.4167
4481,3726
4482,6859.75
4483,783.6667
4484,5289.5001
4485,6022.6667
4486,3170.3
4487,3138.6667
4488,6553.5834
4489,16393.0956
4490,695.75
4491,2176.25
4492,3071.3833
4493,2369.7167
4494,610.6667
4495,4842.2667
4496,30562.2667
4497,11081.6123
4498,1246.4667
4499,7282.8
4500,1349.75
4501,2334.4166
4502,2454.75
4503,6992.25
4504,2618.55
4505,26496.6
4506,3458.7334
4507,3185.3333
4508,4073.5
4509,2471.9667
4510,1612.25
4511,2713.0333
4512,5028
4513,3118.1666
4514,5167.4456
4515,1075.6
4516,5195.9333
4517,5259.2499
4518,5298.4667
4519,588.4667
4520,5373
4521,3408.75
4522,2209.6833
4523,2114.7667
4524,6303.75
4525,23582.35
4526,3183.5
4527,1429.8
4528,3978.9333
4529,5982.1167
4530,14483.3334
4531,3324.5332
4532,4108.4667
4533,1259.1667
4534,12854.0667
4535,2664.8
4536,2329.1333
4537,1536.6667
4538,9345.1667
4539,4808.7
4540,2477.4666
4541,1384.6333
4542,5586.4333
4543,8858.1666
4544,2487.7167
4545,6739.0833
4546,1200
4547,8970.3789
4548,5880.7
4549,2304.95
4550,1623.1333
4551,2304
4552,3055.2167
4553,2415.1667
4554,2088.4667
4555,3482.7667
4556,11158.2667
4557,2323.1333
4558,4337.7167
4559,796.3333
4560,4320.25
4561,1320.1666
4562,4389.2
4563,8813.1333
4564,3029.15
4565,9183.5
4566,9407.2
4567,49364.5868
4568,18924.5
4569,5503.5
4570,11991.9999
4571,16501.9999
4572,4772.0001
4573,4565.4
4574,6429.9001
4575,8349.7501
4576,15609.7499
4577,41983.6677
4578,3808
4579,9597.0001
4580,3813
4581,26502.4001
4582,17186.9999
4583,21877.1
4584,29739.9998
4585,6851
4586,11552.8
4587,9363.75
4588,15926.7499
4589,9239.4
4590,16945.9001
4591,10809.7001
4592,6798.9999
4593,9339.15
4594,6906.15
4595,28964.8248
4596,12171.05
4597,26214.0001
4598,10282.75
4599,3180.9
4600,6210.8
4601,11382.9999
4602,11272.8
4603,18345.5
4604,5998.4
4605,5025.1499
4606,3557.2501
4607,9499.7999
4608,5922.2501
4609,6745.1501
4610,2968.7501
4611,14563.7501
4612,4880.5
4613,11986.25
4614,2487.4
4615,4173.0499
4616,8081.5
4617,16413.7999
4618,3418
4619,6174.5
4620,5622.2501
4621,7169.5499
4622,9313.4999
4623,10673.9002
4624,20201.0001
4625,9385.75
4626,11423.4
4627,14373.9
4628,16935.25
4629,14227.3368
4630,8431.3499
4631,8907.0999
4632,23698.8
4633,8250.15
4634,2061.5
4635,4333.8
4636,1650
4637,3359.0501
4638,13809.8
4639,45711.5867
4640,12542.4
4641,7009.8
4642,4242.4
4643,8889.7001
4644,3606.7501
4645,12908.7499
4646,16780.8
4647,10996.7501
4648,8725.1
4649,14886.5001
4650,23539.0002
4651,7172.9
4652,7460.4
4653,32299.55
4654,16547.8
4655,8738.8
4656,13715.2501
4657,37284.4233
4658,2949.75
4659,49010.7999
4660,11105.2499
4661,4231.5
4662,18873.75
4663,32153
4664,18271.5
4665,10513.3
4666,16413.7501
4667,30742.2501
4668,16788.3368
4669,5960.8
4670,63714.5
4671,35645.55
4672,18157.35
4673,11464.1501
4674,6958.4
4675,8569.4001
4676,16572.9999
4677,20280.2501
4678,1156.2501
4679,15983.75
4680,14247
4681,10938.8
4682,20036.0501
4683,15770.4
4684,3900.4
4685,4928
4686,14304.4
4687,15798.5501
4688,7205.65
4689,28780.8368
4690,11094.8
4691,33227.95
4692,12607.5
4693,9340.7001
4694,7611.5001
4695,15534.5001
4696,6910.4
4697,23579.7867
4698,7628.5
4699,10504.4998
4700,21069.75
4701,3545.05
4702,22467.6501
4703,8415.8
4704,15797.0001
4705,21038.2498
4706,12563.2499
4707,10837.3499
4708,15837.5
4709,3466.4
4710,5852.5001
4711,37541.2499
4712,10976.1501
4713,10511.7498
4714,4713.9
4715,9471.7501
4716,21339.4001
4717,10076.8
4718,7237.5499
4719,9029.9999
4720,16191.4
4721,3596.25
4722,42262.9367
4723,5778.65
4724,7968.85
4725,4098
4726,2390
4727,10341.3001
4728,20076.7499
4729,2380
4730,12394.9
4731,4796
4732,5527.8
4733,7793.7501
4734,21162.6501
4735,18841.45
4736,51897.9998
4737,23199.65
4738,5469.6499
4739,11758.2502
4740,13204.2499
4741,11419.4501
4742,12346.4999
4743,8161.3
4744,7014.75
4745,8103.75
4746,8103.7501
4747,12804.8
4748,13340.4
4749,9839.3
4750,9691.4
4751,6777.0501
4752,44667.7499
4753,4625.9
4754,16370.7501
4755,13330.5
4756,19370.7
4757,5598.0001
4758,10007.3499
4759,16554.55
4760,11271.8
4761,9769.05
4762,5668.8999
4763,7503.4
4764,44159.5
4765,13573.6
4766,22354.6501
4767,3826
4768,14891.4
4769,1018.5001
4770,1655
4771,21156.0001
4772,11295.25
4773,8728.25
4774,41148.5102
4775,2533.4
4776,15735
4777,12532.4999
4778,2396.4
4779,17033.7499
4780,3272.4
4781,28529.3368
4782,4956.6
4783,8227.5
4784,14320.9
4785,8200.8
4786,4055.7501
4787,2387.9501
4788,5862.2001
4789,11616.4
4790,14785.75
4791,11168.4
4792,26496.7499
4793,1418.7499
4794,10736
4795,10740.0001
4796,9576.4
4797,12655.7001
4798,5742.2998
4799,5722.2
4800,7821.0001
4801,8155.3001
4802,2763.4
4803,15633.5
4804,8723.05
4805,1751
4806,2929
4807,27257.8
4808,56145.0102
4809,9210.25
4810,3724.9001
4811,11502.4002
4812,23580.6367
4813,12229.6499
4814,9506
4815,7665.5
4816,18143.6999
4817,63223.05
4818,18320.5
4819,9055.2001
4820,3180.9
4821,2706.2502
4822,14194
4823,6516.4
4824,6226.95
4825,10410.25
4826,12890.45
4827,11407.75
4828,8987
4829,7090.5
4830,15275.9001
4831,9876.3
4832,3997.8
4833,23720
4834,16215.25
4835,5868.4001
4836,24967.75
4837,10965.2501
4838,22223.7501
4839,29751.2501
4840,6188.4
4841,9126.1
4842,10129.9
4843,9499.2501
4844,12889.4499
4845,14802.3001
4846,14487.5501
4847,6255.75
4848,10692.0499
4849,5892.5
4850,7099.3368
4851,22108.7501
4852,40011.0867
4853,13683.1999
4854,41300.4001
4855,26713.8868
4856,11227.5001
4857,8006.2499
4858,46891.8
4859,10832.7501
4860,20963.5002
4861,7592.5001
4862,159.25
4863,11687.5999
4864,36774.5499
4865,20405.8
4866,9744.8
4867,17987.7498
4868,38330.3869
4869,12280.0501
4870,8470.8999
4871,20772.5
4872,8661.8
4873,11828.4499
4874,10229.4
4875,8678.0001
4876,12020.3501
4877,23517.6733
4878,7792.8
4879,14447.7499
4880,9982.3001
4881,5050.8
4882,6493
4883,5933.9
4884,7854.3999
4885,19965.25
4886,12869.7499
4887,10605.4
4888,19487.8501
4889,11235.4001
4890,7444.7001
4891,15568.75
4892,4380.4
4893,11999.7501
4894,7613.95
4895,14666.9868
4896,7540.75
4897,8965.4999
4898,10185.7499
4899,26313.4
4900,13475.4
4901,18613.3368
4902,5639
4903,30049.3368
4904,35060.8
4905,17055.5001
4906,13126.2501
4907,10792.5
4908,19372.9999
4909,9063.35
4910,19045.7502
4911,10726.9999
4912,12077.3501
4913,8633.8
4914,7527.25
4915,36896.8367
4916,20272.8
4917,17814.2501
4918,7385.2499
4919,2615
4920,4384.3
4921,7368.4
4922,6958
4923,11133.2501
4924,19553.4
4925,16929.2499
4926,5337.2499
4927,7226.4
4928,3976.4
4929,33445.5499
4930,8851.2501
4931,18984
4932,6479.3
4933,10498.75
4934,3854
4935,4303.9
4936,9161.7501
4937,4514.8
4938,4785.4
4939,11044.2501
4940,4647.4
4941,8153.4
4942,20602.2
4943,12281.6499
4944,9292.25
4945,5408.4
4946,10155.6999
4947,14368.4
4948,6458.75
4949,8515.75
4950,17149.75
4951,11722.9001
4952,14452.55
4953,5022.9999
4954,9569.65
4955,9432.8
4956,13016.35
4957,1862
4958,5842
4959,2199.4
4960,22533.1499
4961,6483.4
4962,17245.15
4963,9330.65
4964,6076
4965,4256.2499
4966,22565.25
4967,7148.4001
4968,11517.1501
4969,4641.4
4970,88761.0102
4971,44813.5
4972,6337.4
4973,3284.6499
4974,6499.4
4975,7262.9001
4976,52903.3368
4977,33510.0001
4978,3534
4979,4370
4980,7200.5
4981,2643.9
4982,8467.8
4983,19545.9999
4984,19295
4985,5726
4986,10603.75
4987,17716.9999
4988,15845.7499
4989,10343.4
4990,8726.2499
4991,16219.5
4992,8663.7502
4993,8451.6
4994,15313.7501
4995,10267.2499
4996,17886.3
4997,16447.8
4998,10814.25
4999,20283.25
5000,16633.8
5001,7806.2501
5002,4585.0002
5003,22080.25
5004,41211
5005,18063.4
5006,13614.5999
5007,4358.9
5008,2874
5009,12052.3001
5010,4002
5011,2821.9
5012,19612.3366
5013,4200.3001
5014,4903.1
5015,14361.4501
5016,10668.9499
5017,18106.75
5018,18484.4001
5019,17268.0866
5020,9479.1499
5021,12928.0001
5022,4125.9
5023,4046.8
5024,15916.0501
5025,10658.2502
5026,21017
5027,8155.6
5028,43271.7368
5029,10838.25
5030,8099.2501
5031,5759.4
5032,4506.4
5033,2961
5034,15969.8501
5035,4740.4
5036,9678.3999
5037,4909
5038,12284.2499
5039,1049
5040,21948.5867
5041,5000.25
5042,7448.4
5043,6558.8
5044,7084.5
5045,21614.0002
5046,4315.8
5047,46289.4
5048,22345
5049,11934.0001
5050,10532.8
5051,4591.4999
5052,10816.7499
5053,9432.9001
5054,9142.6001
5055,15766.65
5056,14571.5368
5057,18642.8
5058,15137.2501
5059,10401.0498
5060,13317.7499
5061,23623.55
5062,18001.5001
5063,27056.0868
5064,10031.5001
5065,3614.4
5066,4915
5067,36902.8001
5068,5564.5001
5069,31134.8367
5070,12249.4
5071,11263.7499
5072,10983.4
5073,15485
5074,7659.1501
5075,8975.5001
5076,36613.6367
5077,5443.4
5078,39534.3368
5079,16205.25
5080,16620.3498
5081,10703.3999
5082,18434.2001
5083,1356.3501
5084,11785.3368
5085,32315.25
5086,17068.9
5087,14398.5
5088,5344.25
5089,21663.2501
5090,4361
5091,22962.1733
5092,34512
5093,8687.7501
5094,36143.7501
5095,15702.8001
5096,20749
5097,3488
5098,30362.0001
5099,13591.3501
5100,2785.2501
5101,13175.7501
5102,10483.6001
5103,8366.1499
5104,3453
5105,7164.2501
5106,16146.7001
5107,7892.2501
5108,18226.7501
5109,7334.7499
5110,8103.8
5111,7848.5
5112,3729.35
5113,6139.4
5114,36092.0001
5115,4499.4999
5116,6426.7999
5117,9292.9
5118,22878.4
5119,13974.9
5120,35523.75
5121,15759.2501
5122,4942.4
5123,25139
5124,9126.75
5125,5854.0499
5126,37276.2499
5127,3668.2501
5128,4815.9
5129,57672.0333
5130,7212.0001
5131,19006.9333
5132,812
5133,12292.1665
5134,1300
5135,2305.2667
5136,4570.2667
5137,8997.9
5138,8181.9333
5139,8910.6666
5140,10622.0333
5141,10649.5001
5142,10670.6665
5143,19356.5619
5144,14600.8334
5145,21317.2333
5146,13624.5577
5147,4353.6
5148,9698.9333
5149,38514.8244
5150,8581.3334
5151,3923.1667
5152,5585
5153,6758.6666
5154,6438.3334
5155,10818.3333
5156,3728.3333
5157,48911.5579
5158,1644
5159,5492.6334
5160,8750.8333
5161,16708.0001
5162,8352.8333
5163,7696
5164,2954.6001
5165,42835.2
5166,21872.0489
5167,10959.1667
5168,8166.0001
5169,2659
5170,18619.8913
5171,12415.8333
5172,2343.9333
5173,2965.1667
5174,3706.4333
5175,4590.2667
5176,8186.8334
5177,7027.0001
5178,26683.4245
5179,2570.6667
5180,3143.8334
5181,14812.5
5182,8769.3333
5183,6776.5001
5184,8628.6667
5185,7498.6
5186,1651.6667
5187,8880.8
5188,29228.6667
5189,2750.6667
5190,5098
5191,17159.9333
5192,5343.5
5193,4335.8667
5194,4537.1333
5195,8397.5
5196,3587.2333
5197,2278.3333
5198,11356.0333
5199,3170.8001
5200,20295.1999
5201,38985.6
5202,4419.8333
5203,3732.9333
5204,9861.7999
5205,9163.0334
5206,12127.3333
5207,2507.1666
5208,15678.8667
5209,9894.8666
5210,3329.2334
5211,31597.1667
5212,11906.5
5213,3956.9333
5214,12635.5579
5215,11906.5334
5216,4928.9333
5217,12454.8333
5218,9254.0001
5219,15928.9333
5220,5872.8334
5221,30650.8912
5222,8381.1667
5223,35460.6999
5224,8767.9999
5225,13483.4333
5226,5207.2667
5227,2440.7334
5228,7138.3334
5229,30822.8912
5230,17846.8912
5231,12160.5579
5232,14296.2244
5233,4334.1667
5234,12348.8334
5235,9478
5236,12128.5
5237,8316.2
5238,13958.4334
5239,4931.1667
5240,11110.4999
5241,8549.0001
5242,3915.8667
5243,2027
5244,3991.6
5245,6527.8667
5246,24901.5
5247,2279.0001
5248,11269.2667
5249,18941.2667
5250,4781.5333
5251,3613.8333
5252,12632.3333
5253,1779.1667
5254,1526.9333
5255,13799.9001
5256,9065.5
5257,1507.3333
5258,2232.4999
5259,5786.9001
5260,14734.8333
5261,9305.1666
5262,13731.7667
5263,15076.2667
5264,4073.1001
5265,9536.8334
5266,12623
5267,29012.6666
5268,3340.9333
5269,4812
5270,8512.8667
5271,2216.6
5272,9368.0577
5273,5200.5
5274,17236.5578
5275,4320.1
5276,4009.2334
5277,5502.2
5278,5478.5333
5279,18833.8333
5280,15179.5579
5281,13395.2246
5282,9529.1667
5283,18432.1666
5284,8800.3333
5285,8937.2001
5286,8619.2333
5287,30206.6666
5288,8027
5289,11421.3333
5290,11565.8
5291,5104.6667
5292,2365.6
5293,5466.1666
5294,4427.2667
5295,10048.6667
5296,4254.2667
5297,3313.6
5298,22272.2
5299,14039.6
5300,45721.2001
5301,4151.6999
5302,6662.9334
5303,4294.8667
5304,2441.6
5305,5928.6667
5306,7194.4666
5307,12126.1667
5308,14311.8912
5309,6822.2667
5310,4662.5
5311,4854.5001
5312,1466.5666
5313,4272.6001
5314,6191.6666
5315,4140.5333
5316,13028.4999
5317,9503.8334
5318,1876.0667
5319,4809.5333
5320,7508.5
5321,9922.3333
5322,5893.6333
5323,7226.2667
5324,13658.9999
5325,2512.4667
5326,4542.7667
5327,6332.8667
5328,3296.6667
5329,9771.3333
5330,9235.0334
5331,10961.9999
5332,7090.6
5333,13962.5667
5334,5264.9
5335,10092.8333
5336,6035.8334
5337,50684.4333
5338,4811.3333
5339,60612.6667
5340,15445.8666
5341,7012.5001
5342,56000.2667
5343,12959
5344,21535.8333
5345,58534.6667
5346,9669.4666
5347,46313.0001
5348,14574.3333
5349,4346.1333
5350,7698.0334
5351,21770.6667
5352,3965.2667
5353,4787.1667
5354,57863.8999
5355,5902.9333
5356,11374.5
5357,48960.0667
5358,8533.5667
5359,11960.0001
5360,4804.8667
5361,45100.0001
5362,41940.2911
5363,15881.6577
5364,8501.1
5365,7601
5366,16598.6667
5367,3414.2667
5368,6349.5333
5369,8109.2333
5370,4221.7666
5371,10110.2001
5372,30196.9333
5373,8481.7911
5374,9648.1667
5375,3516.9333
5376,5129.0667
5377,1039.5001
5378,8814.3334
5379,4586.1667
5380,9931.8333
5381,3954.9333
5382,4094.8334
5383,5464.3667
5384,2919.6667
5385,19326.1667
5386,3991.7666
5387,10560.6667
5388,11019.1668
5389,6534.1
5390,86392.8667
5391,6821.3333
5392,6827.5001
5393,2525.2667
5394,3061.3333
5395,5323.0001
5396,3965.3333
5397,4530.2667
5398,7878.5333
5399,4590.6667
5400,2014.9333
5401,1509.4666
5402,8798.1667
5403,7052.0001
5404,6640.0001
5405,4764.6666
5406,22425.5579
5407,1577.3333
5408,2693.3333
5409,23306.9001
5410,12878.3334
5411,5649.9333
5412,4381.3333
5413,2734.6999
5414,25161.4911
5415,3928.1667
5416,5251.6667
5417,6032.9666
5418,7113.4999
5419,55492.8801
5420,4553.5
5421,12131.4334
5422,3154.8667
5423,2292.7
5424,4703.8334
5425,6995.0001
5426,12522.0001
5427,10851.2334
5428,6380.0001
5429,2180.6667
5430,2129.4001
5431,8169.6667
5432,24837.1667
5433,2444.8667
5434,3075.1667
5435,4682.7
5436,5764.1667
5437,830.3333
5438,3186.9999
5439,17822.4999
5440,29706.4489
5441,18608.9244
5442,1689.5001
5443,6127.8334
5444,20639.5333
5445,35430.9334
5446,3920.5666
5447,12111.3667
5448,535.8333
5449,10367.5001
5450,6021.1667
5451,2349.6667
5452,6254.1667
5453,10498.3334
5454,5001.8334
5455,12148.3245
5456,6093.7667
5457,2392.9333
5458,11831.1666
5459,1363.0334
5460,7635.1667
5461,6844.0001
5462,14093
5463,23190.1667
5464,10243.5001
5465,22034.2
5466,9096.8
5467,8350.3333
5468,3823.1667
5469,16225.8333
5470,4308.8667
5471,10468.6667
5472,2504.6667
5473,5811.6
5474,27242.6667
5475,2450
5476,1792.1334
5477,11635.5667
5478,8883.2
5479,2025.6667
5480,4653.6667
5481,9833.5333
5482,12337.6001
5483,4271
5484,4673.8333
5485,11473.0001
5486,10379.3666
5487,7504.1334
5488,11628.1667
5489,27843.8334
5490,2042.3333
5491,13753.8001
5492,3714.7
5493,11603.7245
5494,24089.6667
5495,4357.2667
5496,8383.6
5497,9615.6
5498,10722.8667
5499,10698.8333
5500,9816.5333
5501,5177.8667
5502,2242.2667
5503,2469
5504,22195.5912
5505,26487.1155
5506,16765.8333
5507,4317.0001
5508,6205.9333
5509,4801.6333
5510,4946.1667
5511,3486.6667
5512,3822.3
5513,16038.1667
5514,8640.4333
5515,5198.1667
5516,3557.2333
5517,10675.5
5518,5480.5
5519,6942.2667
5520,3493.6667
5521,11017.1667
5522,8214.6667
5523,10681.9
5524,13889.1666
5525,11204.8333
5526,234.6667
5527,12236.8912
5528,14703.0666
5529,4490.7667
5530,6577.1666
5531,6860.4999
5532,2837.9333
5533,9452.6667
5534,14862.9999
5535,4560.6667
5536,6699.3334
5537,10580.3333
5538,3976.0334
5539,3562.8334
5540,40711.8333
5541,6168.8333
5542,9425.5001
5543,7009.5667
5544,15986.0667
5545,8032.9333
5546,2695.2667
5547,12311.0579
5548,3734.5999
5549,3434
5550,11084.2
5551,6051.2667
5552,8732.1668
5553,4923
5554,12539
5555,7548.5333
5556,8731.1667
5557,9679.6665
5558,10254.3333
5559,19300.1667
5560,7394.4999
5561,2376
5562,4318.0667
5563,5051.5333
5564,4766.6
5565,22447.5577
5566,9566.6667
5567,6589.6668
5568,3571.8666
5569,1036.4667
5570,9139.3333
5571,4696.3333
5572,3595.6667
5573,18168.3333
5574,13257.5
5575,13360.4999
5576,3700.7667
5577,13362.8334
5578,2565
5579,3458.6
5580,7094.1999
5581,3365.5
5582,6524.8667
5583,4275.2667
5584,4696.5
5585,4466.2667
5586,5062.6001
5587,2400.1667
5588,6499.8912
5589,8708.9666
5590,9682.6666
5591,7034.0001
5592,3772.5333
5593,7609.5578
5594,6667.7334
5595,13994.3667
5596,17907.9333
5597,2532.3333
5598,5209.0999
5599,31632.0577
5600,16665.3333
5601,5384.2667
5602,8718.2667
5603,30964.0912
5604,14727.8333
5605,5478.9333
5606,9673
5607,612
5608,9765.1001
5609,19840.1667
5610,11560.5667
5611,8230.7667
5612,6687.5334
5613,2861
5614,4055.6667
5615,13816.1667
5616,5405.3333
5617,7505.3333
5618,6099.5
5619,1931.1666
5620,8715.9334
5621,303.3333
5622,9203.5579
5623,5960.8999
5624,23219.8911
5625,3323
5626,4389.5666
5627,14312.3333
5628,11686.9333
5629,8247.3334
5630,3777.9001
5631,20232.5578
5632,10103.7245
5633,1601.3334
5634,3151.5666
5635,8850.3333
5636,5508
5637,15878.5
5638,1371.3333
5639,10400.4999
5640,6917.0001
5641,14768.1334
5642,5708.3333
5643,9550.6666
5644,11685.4999
5645,9996.1667
5646,6138.8333
5647,6764.3667
5648,3958.9333
5649,6520.9332
5650,12346.9333
5651,6688.3333
5652,6500.8667
5653,7996
5654,8975.2667
5655,9008.5333
5656,53708.6667
5657,5399.5333
5658,13978.3912
5659,3460.2667
5660,11024.8667
5661,5030.5001
5662,3667.2333
5663,3749.2333
5664,2934.6667
5665,4836.55
5666,2880.9167
5667,3235.75
5668,5264.1167
5669,3807.55
5670,2738.1667
5671,3477.9667
5672,1896.8
5673,3881.1333
5674,4787.25
5675,3459.8667
5676,2633.4667
5677,2083.8
5678,2651.3333
5679,3439.0834
5680,1906
5681,10407.5
5682,538
5683,6270.2667
5684,938.4667
5685,11333.4456
5686,3049.5
5687,3197.6
5688,1581.5
5689,5010
5690,2223.5
5691,6295.9
5692,8517.7789
5693,11481.6123
5694,5120.8
5695,5816.8
5696,2899.3334
5697,2388.25
5698,1488.3334
5699,824.9667
5700,8567.2334
5701,1517.4666
5702,5918.3622
5703,3801.6333
5704,2650.2667
5705,4195
5706,7626.75
5707,2580.5833
5708,3690.0833
5709,2917.5
5710,4262.3666
5711,6606.1123
5712,1516.6
5713,6473.5834
5714,3229.8
5715,3062.2166
5716,2518.7167
5717,2842.25
5718,2717.6667
5719,2314.1833
5720,2325.6833
5721,4931.8
5722,2609.2666
5723,1789.4667
5724,2360.6667
5725,19620.5167
5726,2278.5
5727,1218.3333
5728,4615.7833
5729,4724.95
5730,4945.5833
5731,7667.7501
5732,2553.6
5733,3068.55
5734,5046
5735,2055.8333
5736,3776.9167
5737,2463.3167
5738,8337.3833
5739,2295.7667
5740,948.3333
5741,1191.8
5742,1198.3333
5743,2968.7501
5744,6060.9167
5745,1293.8
5746,3516.6
5747,14028.25
5748,18395.05
5749,4340.85
5750,3582.25
5751,6768.85
5752,2861.9167
5753,4115.5
5754,6865.4833
5755,2247.4167
5756,2534.25
5757,5337.3333
5758,5616.0667
5759,19459.95
5760,2381.75
5761,5271.5956
5762,5115.5833
5763,1745.0833
5764,1564.25
5765,4860.3333
5766,3029.6334
5767,1835.6667
5768,3218.9333
5769,2252.1333
5770,5454.3334
5771,5348.4167
5772,9624.0166
5773,2097.8334
5774,11998.0834
5775,15381.2667
5776,3945.8333
5777,3305.3333
5778,2219.8
5779,1337.3333
5780,2194.4166
5781,1904.4167
5782,3989.4167
5783,370
5784,2668.9333
5785,4585.4834
5786,1303.15
5787,1245.95
5788,4160.7333
5789,1893.4334
5790,3324.45
5791,1214.9333
5792,6650.5834
5793,1668.25
5794,5183.4167
5795,866.6667
5796,4144.3
5797,1141.1667
5798,3334.25
5799,2085.7333
5800,2272.6
5801,3593.3333
5802,1846.8333
5803,4974
5804,1586.4667
5805,8217.4166
5806,16818.45
5807,4955.6834
5808,13782.9166
5809,1525
5810,1193.3834
5811,9418.1123
5812,6841.45
5813,1228.2333
5814,344.8333
5815,6028.7166
5816,3658.7667
5817,2432.55
5818,1010.3333
5819,3053.8333
5820,5264.4667
5821,3054.3
5822,4076.6
5823,2896.4667
5824,1689.0667
5825,10519.5001
5826,1605
5827,4798
5828,2436.8333
5829,3016.25
5830,8267.5834
5831,1179.35
5832,4320.5001
5833,7981.779
5834,1860.4667
5835,2764.2
5836,30009.0834
5837,2859.9333
5838,4012.3166
5839,2874.6667
5840,22355.25
5841,1158.3333
5842,4690.3333
5843,1047.6
5844,8914.6667
5845,5329.5
5846,3139.1667
5847,3107.4667
5848,1526
5849,2416
5850,691.6667
5851,6236.25
5852,6247.3333
5853,1704.5834
5854,3829.8833
5855,1963.0833
5856,10152.7789
5857,5952.5
5858,5239.5
5859,4958.25
5860,1793.5833
5861,1579
5862,3989.15
5863,5953.7289
5864,3375.3833
5865,119735.9123
5866,3347.35
5867,5249.2
5868,12093
5869,2552.0333
5870,5980.7501
5871,3692.8834
5872,1655.9667
5873,597.25
5874,4773
5875,10540.4167
5876,5328.75
5877,6206.4167
5878,11257.05
5879,3910.4167
5880,12025.9333
5881,4004.5833
5882,6521.5834
5883,2672.45
5884,4444.3334
5885,4439.8499
5886,4027.5
5887,2772.5
5888,2783.2833
5889,3290.6667
5890,2885.9167
5891,5903.8334
5892,3720.5833
5893,1601.8
5894,1061.5167
5895,654.1667
5896,2120.0667
5897,2025.4167
5898,43123.4455
5899,2300.6333
5900,2738.4667
5901,3226.6667
5902,2116.7167
5903,3618.9167
5904,11216.3334
5905,10223.3
5906,2775.6667
5907,2826.25
5908,645.8
5909,5778.8667
5910,1390.4667
5911,180.5834
5912,4737.0667
5913,2255
5914,3131.4456
5915,1375.1834
5916,1804.6667
5917,2032.5
5918,3450.1667
5919,4613.2667
5920,3896.95
5921,2093.1
5922,1901.9667
5923,1814.15
5924,4353.6
5925,3296.25
5926,3014.6667
5927,1324.75
5928,1125.3333
5929,1702.75
5930,10356.25
5931,9362.4167
5932,6836.2334
5933,1591.55
5934,2493.9333
5935,11437.4167
5936,1657.55
5937,2564.6333
5938,6977.1789
5939,8109.05
5940,7719.3334
5941,8928.25
5942,1725.1333
5943,2215.4167
5944,5566.0456
5945,3549.0167
5946,8625.0833
5947,5808.5834
5948,429.5833
5949,3303.9167
5950,1585.4667
5951,2373.05
5952,4313.0834
5953,1263.8
5954,1176.9667
5955,6423.5
5956,2721.8833
5957,6133.0833
5958,2375.8
5959,3841.1333
5960,4348.7333
5961,3719.7167
5962,3241.4667
5963,34564.6
5964,10432.8333
5965,1970.6667
5966,2123.6667
5967,1380.75
5968,627.75
5969,3204
5970,2134.2667
5971,4278.25
5972,1605.25
5973,1032.5167
5974,2040.05
5975,9214.1123
5976,5683.2667
5977,2421.8334
5978,4857.1667
5979,3662.1333
5980,9428.6166
5981,1220.75
5982,3057.1333
5983,2239.4
5984,2338.0834
5985,1553.8
5986,1355.3333
5987,584.8666
5988,3493.0456
5989,1916.6167
5990,3558.9834
5991,1359.9333
5992,4785.8334
5993,1580.1333
5994,7847.6167
5995,4704.0122
5996,11339.3455
5997,2601.7833
5998,1592.6
5999,3208.3667
6000,3314.1167
6001,4787.5833
6002,2074.9334
6003,3627.7167
6004,2940.2333
6005,9666.6333
6006,1819.2667
6007,3729.1667
6008,2223.4667
6009,1791.9167
6010,5889.5
6011,2360.6
6012,1810.8
6013,10315.3334
6014,1806.5833
6015,8885.6667
6016,888
6017,1019.1333
6018,4093.6956
6019,2109.4667
6020,4633.75
6021,7812.1622
6022,4316.7333
6023,2978.6667
6024,5970.7333
6025,2150.75
6026,2951.5834
6027,2324.8
6028,1349.1666
6029,5193.95
6030,3967.0833
6031,1764.4667
6032,3713.1834
6033,1393.8
6034,2972.1333
6035,20895.0166
6036,2571.4667
6037,2422.25
6038,2318.0667
6039,2164.9167
6040,1167.4167
6041,3363.8
6042,3914.4166
6043,3393.6667
6044,1968.85
6045,2465.3334
6046,32006.4499
6047,1507.9333
6048,3521.1333
6049,25839.9456
6050,8722.9167
6051,5320.7667
6052,1423.1333
6053,1737.1333
6054,2856
6055,4559.5333
6056,7209.75
6057,3153.5667
6058,4964.2667
6059,43487.7789
6060,5382.2667
6061,5303.8333
6062,9602.25
6063,586.6667
6064,3847.8333
6065,1464.4667
6066,1420.8
6067,9205.1667
6068,9096.25
6069,8254.2167
6070,3790.0334
6071,818
6072,4264.0834
6073,3478.55
6074,2664.2667
6075,1767.7167
6076,10311.6667
6077,2237.4667
6078,3994.5834
6079,1621.6667
6080,3037.05
6081,7134.3167
6082,1494.1667
6083,12780.2167
6084,2552
6085,1132
6086,6214.2667
6087,1385.9
6088,8289.3622
6089,977.4667
6090,7971.3333
6091,31702.7857
6092,7787.7789
6093,17703.9833
6094,10514.7166
6095,2477.25
6096,1827.4166
6097,3460.9167
6098,3721.5666
6099,3106.3333
6100,1262.8334
6101,8571.5289
6102,2951.4167
6103,2845.6667
6104,15954.5
6105,4431.7167
6106,11129.3333
6107,5368
6108,2060.5833
6109,387.0833
6110,4809.1334
6111,6758.9166
6112,1961.2667
6113,1525
6114,2790.4667
6115,834
6116,3716.1123
6117,3198.4667
6118,599.8
6119,3190.3334
6120,3839.1333
6121,3749.4667
6122,837.3333
6123,900.6333
6124,8551.15
6125,3714.9166
6126,3437.4667
6127,5399.5166
6128,2668.6333
6129,1994.8
6130,7850.5833
6131,6620.4166
6132,1990.1833
6133,5537.4167
6134,2828.25
6135,1162.35
6136,3383.8333
6137,3323.4167
6138,4655.9333
6139,3842.1334
6140,4460.2167
6141,4493.3333
6142,5031.6334
6143,2475
6144,2682
6145,30380.6834
6146,1834.4333
6147,463.3333
6148,4675.1956
6149,3107.75
6150,1710.9667
6151,1804.6667
6152,3793.9
6153,5281.9167
6154,1598.4167
6155,5587.3167
6156,1895.4167
6157,4083.3
6158,1465.1333
6159,1448.1667
6160,6226.1333
6161,5935.5167
6162,12080.9456
6163,1357
6164,2671.2667
6165,25744.0833
6166,1648.8
6167,3183.3333
6168,4544.6667
6169,4293.4167
6170,1595.1333
6171,1590.2667
6172,3055.4167
6173,838.9667
6174,5673.9666
6175,6450.0833
6176,1874
6177,2087.1333
6178,3940.5167
6179,2661.8
6180,915.6667
6181,3146.2456
6182,5201.8333
6183,4940.1333
6184,5936.4167
6185,3552.3
6186,4013.0167
6187,11027.35
6188,4750.55
6189,2530.6
6190,3020.5667
6191,1933.3333
6192,9872.7333
6193,2951.6
6194,2354.6
6195,5253.0833
6196,3735.3666
6197,1264
6198,4510.8
6199,4752.5833
6200,8035.5
6201,3589.6834
6202,3433.8
6203,4837.9667
6204,7784.6
6205,4040.8834
6206,3368.85
6207,3268.95
6208,1466.1333
